Symbol,Metric,PrevDay,15:30
360ONE,FUT VOL,868500,1387000
360ONE,FUT OI,4458500,4582500
360ONE,FUT PRICE,,1033.7
ABB,FUT VOL,213500,288250
ABB,FUT OI,1610500,1611500
ABB,FUT PRICE,,6927.0
ABCAPITAL,FUT VOL,3658000,6649500
ABCAPITAL,FUT OI,41037800,42671500
ABCAPITAL,FUT PRICE,,374.65
ADANIENSOL,FUT VOL,778950,4122225
ADANIENSOL,FUT OI,23273325,23681025
ADANIENSOL,FUT PRICE,,1336.2
ADANIENT,FUT VOL,1330245,1834842
ADANIENT,FUT OI,16362477,16513578
ADANIENT,FUT PRICE,,2833.0
ADANIGREEN,FUT VOL,1281600,4224000
ADANIGREEN,FUT OI,24501000,25686000
ADANIGREEN,FUT PRICE,,1285.0
ADANIPORTS,FUT VOL,2681375,2132750
ADANIPORTS,FUT OI,16511950,16198925
ADANIPORTS,FUT PRICE,,1747.5
ALKEM,FUT VOL,165625,226500
ALKEM,FUT OI,1886125,1942875
ALKEM,FUT PRICE,,5228.0
AMBER,FUT VOL,132900,144400
AMBER,FUT OI,1209300,1214900
AMBER,FUT PRICE,,6464.5
AMBUJACEM,FUT VOL,5187600,9774000
AMBUJACEM,FUT OI,97562400,98781600
AMBUJACEM,FUT PRICE,,363.65
ANGELONE,FUT VOL,3522500,12542500
ANGELONE,FUT OI,33640000,36722500
ANGELONE,FUT PRICE,,276.1
APLAPOLLO,FUT VOL,841400,3799600
APLAPOLLO,FUT OI,15123850,16552200
APLAPOLLO,FUT PRICE,,2123.0
APOLLOHOSP,FUT VOL,1473250,606375
APOLLOHOSP,FUT OI,2305125,2296875
APOLLOHOSP,FUT PRICE,,8126.0
ASHOKLEY,FUT VOL,18875000,33010000
ASHOKLEY,FUT OI,125385000,129785000
ASHOKLEY,FUT PRICE,,151.55
ASIANPAINT,FUT VOL,530500,608250
ASIANPAINT,FUT OI,7141750,7212250
ASIANPAINT,FUT PRICE,,2392.4
ASTRAL,FUT VOL,269875,355725
ASTRAL,FUT OI,5212200,5274250
ASTRAL,FUT PRICE,,1344.9
AUBANK,FUT VOL,2033000,2656000
AUBANK,FUT OI,23939000,24436000
AUBANK,FUT PRICE,,991.5
AUROPHARMA,FUT VOL,1455850,1356850
AUROPHARMA,FUT OI,12577950,12592250
AUROPHARMA,FUT PRICE,,1679.4
AXISBANK,FUT VOL,6308125,8221250
AXISBANK,FUT OI,94827500,95190000
AXISBANK,FUT PRICE,,1225.6
BAJAJ-AUTO,FUT VOL,361650,1787850
BAJAJ-AUTO,FUT OI,1978350,2139600
BAJAJ-AUTO,FUT PRICE,,10083.0
BAJAJFINSV,FUT VOL,1325400,1156800
BAJAJFINSV,FUT OI,8206500,8652600
BAJAJFINSV,FUT PRICE,,1730.4
BAJAJHLDNG,FUT VOL,19125,34050
BAJAJHLDNG,FUT OI,229575,232875
BAJAJHLDNG,FUT PRICE,,10614.0
BAJFINANCE,FUT VOL,6186000,6774750
BAJFINANCE,FUT OI,67173750,68388000
BAJFINANCE,FUT PRICE,,959.3
BANDHANBNK,FUT VOL,31899600,5468400
BANDHANBNK,FUT OI,142128000,140374800
BANDHANBNK,FUT PRICE,,175.0
BANKBARODA,FUT VOL,16458975,14230125
BANKBARODA,FUT OI,146252925,147756375
BANKBARODA,FUT PRICE,,232.51
BANKINDIA,FUT VOL,9880000,9032400
BANKINDIA,FUT OI,74469200,74490000
BANKINDIA,FUT PRICE,,129.76
BDL,FUT VOL,1064625,879750
BDL,FUT OI,8229700,8348275
BDL,FUT PRICE,,1084.0
BEL,FUT VOL,7048050,8081175
BEL,FUT OI,90079950,90339300
BEL,FUT PRICE,,383.25
BHARATFORG,FUT VOL,1178000,1534500
BHARATFORG,FUT OI,8441500,8698500
BHARATFORG,FUT PRICE,,1867.2
BHARTIARTL,FUT VOL,4393275,3899275
BHARTIARTL,FUT OI,59005925,59218725
BHARTIARTL,FUT PRICE,,1747.7
BHEL,FUT VOL,9410625,19207125
BHEL,FUT OI,84207375,84546000
BHEL,FUT PRICE,,422.8
BIOCON,FUT VOL,5212500,5152500
BIOCON,FUT OI,54562500,54305000
BIOCON,FUT PRICE,,373.25
BLUESTARCO,FUT VOL,890825,1421875
BLUESTARCO,FUT OI,6701825,6942325
BLUESTARCO,FUT PRICE,,1405.0
BOSCHLTD,FUT VOL,27775,68425
BOSCHLTD,FUT OI,195125,212125
BOSCHLTD,FUT PRICE,,45360.0
BPCL,FUT VOL,3436500,4771600
BPCL,FUT OI,35526300,36259025
BPCL,FUT PRICE,,301.5
BRITANNIA,FUT VOL,380000,233875
BRITANNIA,FUT OI,2560750,2607875
BRITANNIA,FUT PRICE,,4762.5
BSE,FUT VOL,5189000,3948200
BSE,FUT OI,11747200,12574200
BSE,FUT PRICE,,3056.1
CAMS,FUT VOL,1009800,1045275
CAMS,FUT OI,10232475,10433775
CAMS,FUT PRICE,,677.2
CANBK,FUT VOL,17023500,15774750
CANBK,FUT OI,370986750,373592250
CANBK,FUT PRICE,,118.15
CDSL,FUT VOL,949050,1320025
CDSL,FUT OI,11739625,11911575
CDSL,FUT PRICE,,1250.6
CGPOWER,FUT VOL,1535100,4017100
CGPOWER,FUT OI,17692750,17633250
CGPOWER,FUT PRICE,,883.1
CIPLA,FUT VOL,671925,583525
CIPLA,FUT OI,9724425,9758850
CIPLA,FUT PRICE,,1350.2
COALINDIA,FUT VOL,6882300,10284300
COALINDIA,FUT OI,92178000,92535750
COALINDIA,FUT PRICE,,423.75
COFORGE,FUT VOL,3187250,3549200
COFORGE,FUT OI,15684025,15460775
COFORGE,FUT PRICE,,1830.2
COLPAL,FUT VOL,388300,389400
COLPAL,FUT OI,5903700,5947700
COLPAL,FUT PRICE,,1746.9
CONCOR,FUT VOL,1777500,1707500
CONCOR,FUT OI,25068750,25231250
CONCOR,FUT PRICE,,444.5
CROMPTON,FUT VOL,2951950,7387400
CROMPTON,FUT OI,77152750,77703150
CROMPTON,FUT PRICE,,203.05
CUMMINSIND,FUT VOL,440600,541200
CUMMINSIND,FUT OI,6312200,6406000
CUMMINSIND,FUT PRICE,,4865.2
DABUR,FUT VOL,2780000,2897500
DABUR,FUT OI,29130000,29793750
DABUR,FUT PRICE,,376.85
DELHIVERY,FUT VOL,4037950,2330225
DELHIVERY,FUT OI,27670125,27914975
DELHIVERY,FUT PRICE,,400.75
DIVISLAB,FUT VOL,463300,413600
DIVISLAB,FUT OI,4328900,4389100
DIVISLAB,FUT PRICE,,9273.0
DIXON,FUT VOL,241800,323900
DIXON,FUT OI,2633600,2707850
DIXON,FUT PRICE,,12739.0
DLF,FUT VOL,4124900,7850800
DLF,FUT OI,35439750,37008200
DLF,FUT PRICE,,661.4
DMART,FUT VOL,732750,738000
DMART,FUT OI,4203300,4257150
DMART,FUT PRICE,,3830.0
DRREDDY,FUT VOL,2605000,1890625
DRREDDY,FUT OI,20122500,19791875
DRREDDY,FUT PRICE,,1208.3
EICHERMOT,FUT VOL,215000,812600
EICHERMOT,FUT OI,3133400,3383800
EICHERMOT,FUT PRICE,,6965.0
ETERNAL,FUT VOL,16899825,24269400
ETERNAL,FUT OI,143450875,145400575
ETERNAL,FUT PRICE,,314.35
FEDERALBNK,FUT VOL,7490000,10825000
FEDERALBNK,FUT OI,93820000,96007500
FEDERALBNK,FUT PRICE,,320.0
FORTIS,FUT VOL,4307450,3545625
FORTIS,FUT OI,12550350,12778975
FORTIS,FUT PRICE,,785.3
GAIL,FUT VOL,7401750,6031450
GAIL,FUT OI,76094250,77606550
GAIL,FUT PRICE,,170.96
GLENMARK,FUT VOL,1062000,1104375
GLENMARK,FUT OI,10783125,11058000
GLENMARK,FUT PRICE,,2326.3
GMRAIRPORT,FUT VOL,13133925,13880250
GMRAIRPORT,FUT OI,136437975,138935025
GMRAIRPORT,FUT PRICE,,93.24
GODREJCP,FUT VOL,1093000,870000
GODREJCP,FUT OI,10639500,10578000
GODREJCP,FUT PRICE,,846.5
GODREJPROP,FUT VOL,960700,979875
GODREJPROP,FUT OI,9654450,9768850
GODREJPROP,FUT PRICE,,1603.8
GRASIM,FUT VOL,643500,1495750
GRASIM,FUT OI,7228750,7313500
GRASIM,FUT PRICE,,2979.9
HAL,FUT VOL,891750,547800
HAL,FUT OI,5605050,5619000
HAL,FUT PRICE,,4633.5
HAVELLS,FUT VOL,1631000,2639500
HAVELLS,FUT OI,11027000,11100500
HAVELLS,FUT PRICE,,1045.0
HCLTECH,FUT VOL,3076800,3577200
HCLTECH,FUT OI,24570000,24972000
HCLTECH,FUT PRICE,,1241.4
HDFCAMC,FUT VOL,711000,1074600
HDFCAMC,FUT OI,7759200,7960500
HDFCAMC,FUT PRICE,,2318.8
HDFCBANK,FUT VOL,27360450,29224650
HDFCBANK,FUT OI,392390050,391960400
HDFCBANK,FUT PRICE,,723.3
HDFCLIFE,FUT VOL,3644300,5864100
HDFCLIFE,FUT OI,46093300,46119700
HDFCLIFE,FUT PRICE,,536.9
HEROMOTOCO,FUT VOL,637800,1787700
HEROMOTOCO,FUT OI,3463800,3854850
HEROMOTOCO,FUT PRICE,,5208.0
HINDALCO,FUT VOL,3365600,6759200
HINDALCO,FUT OI,50244600,50711500
HINDALCO,FUT PRICE,,941.65
HINDPETRO,FUT VOL,4687875,3547800
HINDPETRO,FUT OI,43278300,44157150
HINDPETRO,FUT PRICE,,346.35
HINDUNILVR,FUT VOL,1002300,1307700
HINDUNILVR,FUT OI,16628100,16763400
HINDUNILVR,FUT PRICE,,1847.0
HINDZINC,FUT VOL,2947350,3199700
HINDZINC,FUT OI,25217850,25449375
HINDZINC,FUT PRICE,,557.65
ICICIBANK,FUT VOL,12149900,9248400
ICICIBANK,FUT OI,130545800,132010200
ICICIBANK,FUT PRICE,,1317.7
ICICIGI,FUT VOL,1370850,965900
ICICIGI,FUT OI,5597475,5843175
ICICIGI,FUT PRICE,,1565.6
ICICIPRULI,FUT VOL,1543825,3228250
ICICIPRULI,FUT OI,19144725,19838475
ICICIPRULI,FUT PRICE,,446.65
IDEA,FUT VOL,568154775,643275000
IDEA,FUT OI,6640027500,6652178250
IDEA,FUT PRICE,,12.69
IDFCFIRSTB,FUT VOL,41041875,35588175
IDFCFIRSTB,FUT OI,414323525,409454150
IDFCFIRSTB,FUT PRICE,,80.88
IEX,FUT VOL,3097200,3936750
IEX,FUT OI,81762600,81897450
IEX,FUT PRICE,,105.96
INDHOTEL,FUT VOL,3217000,4030000
INDHOTEL,FUT OI,30660000,31261000
INDHOTEL,FUT PRICE,,721.05
INDIANB,FUT VOL,1448000,1088000
INDIANB,FUT OI,9675000,9730000
INDIANB,FUT PRICE,,798.9
INDIGO,FUT VOL,811350,1071600
INDIGO,FUT OI,6134100,6150150
INDIGO,FUT PRICE,,4944.8
INDUSINDBK,FUT VOL,2988300,2475900
INDUSINDBK,FUT OI,43726200,44114000
INDUSINDBK,FUT PRICE,,893.7
INDUSTOWER,FUT VOL,4851800,12559600
INDUSTOWER,FUT OI,92374600,93056300
INDUSTOWER,FUT PRICE,,374.45
INFY,FUT VOL,10734400,21810000
INFY,FUT OI,75195200,78879600
INFY,FUT PRICE,,1043.0
INOXWIND,FUT VOL,7475200,8992000
INOXWIND,FUT OI,115507200,115718400
INOXWIND,FUT PRICE,,69.17
IOC,FUT VOL,9881625,8282625
IOC,FUT OI,137226375,139790625
IOC,FUT PRICE,,132.16
IREDA,FUT VOL,6516000,6977550
IREDA,FUT OI,83450050,83984000
IREDA,FUT PRICE,,106.6
IRFC,FUT VOL,29973125,12792150
IRFC,FUT OI,101518025,104111175
IRFC,FUT PRICE,,75.81
ITC,FUT VOL,12093975,14051850
ITC,FUT OI,157342425,159184725
ITC,FUT PRICE,,258.0
JINDALSTEL,FUT VOL,1653125,1747500
JINDALSTEL,FUT OI,15186250,15528125
JINDALSTEL,FUT PRICE,,1100.1
JIOFIN,FUT VOL,15998800,24888850
JIOFIN,FUT OI,227106350,230774700
JIOFIN,FUT PRICE,,212.34
JSWENERGY,FUT VOL,1838250,1589925
JSWENERGY,FUT OI,28331625,28329475
JSWENERGY,FUT PRICE,,487.3
JSWSTEEL,FUT VOL,1535625,2621700
JSWSTEEL,FUT OI,40915800,40889475
JSWSTEEL,FUT PRICE,,1236.0
JUBLFOOD,FUT VOL,2258750,2828750
JUBLFOOD,FUT OI,21155000,21647500
JUBLFOOD,FUT PRICE,,441.0
KALYANKJIL,FUT VOL,4301100,7041600
KALYANKJIL,FUT OI,25004700,25728300
KALYANKJIL,FUT PRICE,,528.4
KAYNES,FUT VOL,535350,826950
KAYNES,FUT OI,3822300,4097550
KAYNES,FUT PRICE,,3348.7
KEI,FUT VOL,176400,342475
KEI,FUT OI,2199575,2165975
KEI,FUT PRICE,,4498.0
KFINTECH,FUT VOL,656650,856175
KFINTECH,FUT OI,5344050,5582100
KFINTECH,FUT PRICE,,818.85
KOTAKBANK,FUT VOL,25708000,58278000
KOTAKBANK,FUT OI,172128000,191228000
KOTAKBANK,FUT PRICE,,422.2
KPITTECH,FUT VOL,1739875,1919675
KPITTECH,FUT OI,12080700,12077600
KPITTECH,FUT PRICE,,494.3
LAURUSLABS,FUT VOL,2802450,2912100
LAURUSLABS,FUT OI,19639250,19814350
LAURUSLABS,FUT PRICE,,1988.9
LICHSGFIN,FUT VOL,10640000,6907000
LICHSGFIN,FUT OI,38608000,39677000
LICHSGFIN,FUT PRICE,,513.2
LICI,FUT VOL,3747800,4835600
LICI,FUT OI,45649800,46337200
LICI,FUT PRICE,,392.1
LODHA,FUT VOL,2502500,1804375
LODHA,FUT OI,6955000,6891250
LODHA,FUT PRICE,,1110.9
LT,FUT VOL,1070825,1187375
LT,FUT OI,12163900,12487825
LT,FUT PRICE,,3708.2
LTF,FUT VOL,9855000,11261250
LTF,FUT OI,57197250,58797000
LTF,FUT PRICE,,264.5
LTM,FUT VOL,717150,565800
LTM,FUT OI,4911450,4918050
LTM,FUT PRICE,,3991.0
LUPIN,FUT VOL,651525,579275
LUPIN,FUT OI,7914775,7987025
LUPIN,FUT PRICE,,2028.2
M&M,FUT VOL,1543600,3611600
M&M,FUT OI,13674600,14282400
M&M,FUT PRICE,,2857.3
MANAPPURAM,FUT VOL,7854000,9255000
MANAPPURAM,FUT OI,66993000,68202000
MANAPPURAM,FUT PRICE,,309.55
MANKIND,FUT VOL,991750,528250
MANKIND,FUT OI,2877000,3078000
MANKIND,FUT PRICE,,2507.7
MARICO,FUT VOL,1838400,4438800
MARICO,FUT OI,18478800,18584400
MARICO,FUT PRICE,,783.5
MARUTI,FUT VOL,272000,688100
MARUTI,FUT OI,2718200,2812300
MARUTI,FUT PRICE,,11419.0
MAXHEALTH,FUT VOL,7786800,3398850
MAXHEALTH,FUT OI,11924325,12296550
MAXHEALTH,FUT PRICE,,942.45
MAZDOCK,FUT VOL,386325,663975
MAZDOCK,FUT OI,5332500,5416650
MAZDOCK,FUT PRICE,,2064.2
MCX,FUT VOL,1603800,1537425
MCX,FUT OI,7363575,7425225
MCX,FUT PRICE,,3215.9
MFSL,FUT VOL,931200,1032400
MFSL,FUT OI,5629600,6045600
MFSL,FUT PRICE,,1391.5
MOTHERSON,FUT VOL,11746500,24556950
MOTHERSON,FUT OI,138049050,142600050
MOTHERSON,FUT PRICE,,158.19
MPHASIS,FUT VOL,728200,1238050
MPHASIS,FUT OI,5966675,6052200
MPHASIS,FUT PRICE,,2266.7
MUTHOOTFIN,FUT VOL,451000,718300
MUTHOOTFIN,FUT OI,7016350,7073000
MUTHOOTFIN,FUT PRICE,,2706.6
NATIONALUM,FUT VOL,4171875,6196875
NATIONALUM,FUT OI,38992500,39138750
NATIONALUM,FUT PRICE,,334.75
NAUKRI,FUT VOL,1119250,1376650
NAUKRI,FUT OI,13788500,14107500
NAUKRI,FUT PRICE,,1204.8
NBCC,FUT VOL,8554000,8463000
NBCC,FUT OI,94919500,94029000
NBCC,FUT PRICE,,77.6
NESTLEIND,FUT VOL,1455500,1708000
NESTLEIND,FUT OI,10448500,11048500
NESTLEIND,FUT PRICE,,1316.5
NHPC,FUT VOL,6261950,11877550
NHPC,FUT OI,116766950,119963950
NHPC,FUT PRICE,,72.09
NMDC,FUT VOL,12683250,23240250
NMDC,FUT OI,369022500,370035000
NMDC,FUT PRICE,,73.85
NTPC,FUT VOL,4945500,7048500
NTPC,FUT OI,94864500,97210500
NTPC,FUT PRICE,,316.3
NYKAA,FUT VOL,4815625,8703125
NYKAA,FUT OI,36625000,39234375
NYKAA,FUT PRICE,,324.5
OBEROIRLTY,FUT VOL,470750,417200
OBEROIRLTY,FUT OI,3858750,3852450
OBEROIRLTY,FUT PRICE,,1759.2
OFSS,FUT VOL,266800,259200
OFSS,FUT OI,1311800,1357800
OFSS,FUT PRICE,,10425.0
OIL,FUT VOL,1346800,2153200
OIL,FUT OI,13608000,13858600
OIL,FUT PRICE,,444.1
ONGC,FUT VOL,6248250,6554250
ONGC,FUT OI,61047000,62084250
ONGC,FUT PRICE,,223.62
PAGEIND,FUT VOL,50660,26900
PAGEIND,FUT OI,230200,235060
PAGEIND,FUT PRICE,,36840.0
PATANJALI,FUT VOL,3099225,7548650
PATANJALI,FUT OI,39454650,39614825
PATANJALI,FUT PRICE,,354.0
PAYTM,FUT VOL,2333775,2719475
PAYTM,FUT OI,15084350,15082175
PAYTM,FUT PRICE,,1663.6
PERSISTENT,FUT VOL,688625,675375
PERSISTENT,FUT OI,3167875,3205875
PERSISTENT,FUT PRICE,,5399.5
PETRONET,FUT VOL,1191300,1102000
PETRONET,FUT OI,29064300,29225800
PETRONET,FUT PRICE,,285.75
PFC,FUT VOL,6802900,7296900
PFC,FUT OI,102297000,102566100
PFC,FUT PRICE,,318.1
PGEL,FUT VOL,1254950,1700500
PGEL,FUT OI,12058350,12089700
PGEL,FUT PRICE,,481.85
PHOENIXLTD,FUT VOL,253400,509950
PHOENIXLTD,FUT OI,3662050,3802750
PHOENIXLTD,FUT PRICE,,1936.1
PIDILITIND,FUT VOL,580000,480000
PIDILITIND,FUT OI,5229500,5306500
PIDILITIND,FUT PRICE,,1475.0
PIIND,FUT VOL,264775,306250
PIIND,FUT OI,3823750,3845975
PIIND,FUT PRICE,,2243.0
PNB,FUT VOL,23096000,22224000
PNB,FUT OI,261152000,263512000
PNB,FUT PRICE,,110.51
PNBHOUSING,FUT VOL,1748500,1316250
PNBHOUSING,FUT OI,11012300,11210550
PNBHOUSING,FUT PRICE,,1091.4
POLICYBZR,FUT VOL,4186350,6165600
POLICYBZR,FUT OI,18634350,19903800
POLICYBZR,FUT PRICE,,977.9
POLYCAB,FUT VOL,368500,378000
POLYCAB,FUT OI,2109250,2152875
POLYCAB,FUT PRICE,,8031.0
POWERGRID,FUT VOL,5536600,7799500
POWERGRID,FUT OI,66169400,66843900
POWERGRID,FUT PRICE,,256.35
POWERINDIA,FUT VOL,51325,114950
POWERINDIA,FUT OI,465400,466150
POWERINDIA,FUT PRICE,,31450.0
PREMIERENE,FUT VOL,2372500,2424500
PREMIERENE,FUT OI,11824150,12509250
PREMIERENE,FUT PRICE,,872.9
PRESTIGE,FUT VOL,1414800,1628100
PRESTIGE,FUT OI,5469300,5877000
PRESTIGE,FUT PRICE,,1485.9
RBLBANK,FUT VOL,8277225,15236825
RBLBANK,FUT OI,46774100,46967775
RBLBANK,FUT PRICE,,413.85
RECLTD,FUT VOL,6172425,7296975
RECLTD,FUT OI,53890200,53179875
RECLTD,FUT PRICE,,288.05
RELIANCE,FUT VOL,10830000,11329500
RELIANCE,FUT OI,160981500,164198500
RELIANCE,FUT PRICE,,1174.8
RVNL,FUT VOL,11646250,4858700
RVNL,FUT OI,35864675,36482600
RVNL,FUT PRICE,,196.28
SAIL,FUT VOL,2632000,1043400
SAIL,FUT OI,177288700,177227600
SAIL,FUT PRICE,,179.05
SBICARD,FUT VOL,1843200,3396800
SBICARD,FUT OI,17059200,17936000
SBICARD,FUT PRICE,,564.5
SBILIFE,FUT VOL,1064625,1287375
SBILIFE,FUT OI,7266375,7451250
SBILIFE,FUT PRICE,,1728.2
SBIN,FUT VOL,7638000,7515750
SBIN,FUT OI,107901000,108874500
SBIN,FUT PRICE,,957.5
SHREECEM,FUT VOL,25300,62850
SHREECEM,FUT OI,403525,399375
SHREECEM,FUT PRICE,,21820.0
SHRIRAMFIN,FUT VOL,4340325,5249475
SHRIRAMFIN,FUT OI,24923250,25827450
SHRIRAMFIN,FUT PRICE,,946.6
SIEMENS,FUT VOL,233625,345275
SIEMENS,FUT OI,3501575,3435600
SIEMENS,FUT PRICE,,3776.9
SOLARINDS,FUT VOL,208550,180500
SOLARINDS,FUT OI,973500,999300
SOLARINDS,FUT PRICE,,19350.0
SONACOMS,FUT VOL,2783200,6140925
SONACOMS,FUT OI,14926625,15758400
SONACOMS,FUT PRICE,,799.55
SRF,FUT VOL,354800,301600
SRF,FUT OI,4167000,4208600
SRF,FUT PRICE,,2478.0
SUNPHARMA,FUT VOL,1530900,1415400
SUNPHARMA,FUT OI,16060100,16525600
SUNPHARMA,FUT PRICE,,1812.0
SUPREMEIND,FUT VOL,139650,332325
SUPREMEIND,FUT OI,2096675,2142175
SUPREMEIND,FUT PRICE,,3384.9
SUZLON,FUT VOL,29565600,33934400
SUZLON,FUT OI,456120500,454672700
SUZLON,FUT PRICE,,39.01
SWIGGY,FUT VOL,6710525,11641675
SWIGGY,FUT OI,70966950,74253775
SWIGGY,FUT PRICE,,239.45
TATACONSUM,FUT VOL,1148400,1242450
TATACONSUM,FUT OI,17323900,17515850
TATACONSUM,FUT PRICE,,958.45
TATAELXSI,FUT VOL,445875,410125
TATAELXSI,FUT OI,2486125,2516125
TATAELXSI,FUT PRICE,,3107.0
TATAPOWER,FUT VOL,2817350,3024700
TATAPOWER,FUT OI,64719300,65431250
TATAPOWER,FUT PRICE,,351.7
TATASTEEL,FUT VOL,33671000,45267750
TATASTEEL,FUT OI,316577250,322888500
TATASTEEL,FUT PRICE,,178.88
TCS,FUT VOL,3051450,3891825
TCS,FUT OI,27942750,28766700
TCS,FUT PRICE,,2075.4
TECHM,FUT VOL,2616000,3945600
TECHM,FUT OI,17320200,17899200
TECHM,FUT PRICE,,1531.8
TIINDIA,FUT VOL,277000,357800
TIINDIA,FUT OI,2558000,2672800
TIINDIA,FUT PRICE,,2356.0
TITAN,FUT VOL,1002925,897925
TITAN,FUT OI,5496925,5745600
TITAN,FUT PRICE,,4545.0
TMPV,FUT VOL,9454400,12433600
TMPV,FUT OI,96056000,97000000
TMPV,FUT PRICE,,279.2
TORNTPHARM,FUT VOL,284625,181375
TORNTPHARM,FUT OI,3582625,3599625
TORNTPHARM,FUT PRICE,,4792.8
TRENT,FUT VOL,805725,837450
TRENT,FUT OI,9322875,9411075
TRENT,FUT PRICE,,2587.5
TVSMOTOR,FUT VOL,625450,2138850
TVSMOTOR,FUT OI,7544075,7752500
TVSMOTOR,FUT PRICE,,4037.6
ULTRACEMCO,FUT VOL,144550,309050
ULTRACEMCO,FUT OI,1876550,1982050
ULTRACEMCO,FUT PRICE,,10764.0
UNIONBANK,FUT VOL,14483025,13186500
UNIONBANK,FUT OI,103819350,104814975
UNIONBANK,FUT PRICE,,167.83
UNITDSPR,FUT VOL,958000,930800
UNITDSPR,FUT OI,6877200,6906800
UNITDSPR,FUT PRICE,,1341.9
UNOMINDA,FUT VOL,405900,974050
UNOMINDA,FUT OI,5108950,5399350
UNOMINDA,FUT PRICE,,1110.0
UPL,FUT VOL,2117865,2890215
UPL,FUT OI,31082345,31433290
UPL,FUT PRICE,,520.2
VBL,FUT VOL,7859100,8816625
VBL,FUT OI,73575150,73697550
VBL,FUT PRICE,,424.8
VEDL,FUT VOL,3509800,6116850
VEDL,FUT OI,53847600,55601350
VEDL,FUT PRICE,,251.05
VOLTAS,FUT VOL,1614000,1155000
VOLTAS,FUT OI,10971750,10867500
VOLTAS,FUT PRICE,,1055.0
WAAREEENER,FUT VOL,311150,704375
WAAREEENER,FUT OI,6971125,6803650
WAAREEENER,FUT PRICE,,2350.1
WIPRO,FUT VOL,18366000,21126000
WIPRO,FUT OI,212808000,207696000
WIPRO,FUT PRICE,,160.25
YESBANK,FUT VOL,106424200,106330900
YESBANK,FUT OI,1250251100,1255196000
YESBANK,FUT PRICE,,20.87
ZYDUSLIFE,FUT VOL,2201400,2456100
ZYDUSLIFE,FUT OI,9224100,9369000
ZYDUSLIFE,FUT PRICE,,1148.9
