Symbol,Metric,PrevDay,PrevDay2,PrevLastHr,DelivPct,DelivPctPrev,Open,dTC,dBC,wTC,wBC,09:20
360ONE,PRICE,1094.9,1087.4,,,,1089.7,1093.43,1090.5,1155.7,1143.23,1076.0
360ONE,VWAP,,,,,,,,,,,1081.57
360ONE,CASH VOL,839166,869898,265504,61.86,59.49,,,,,,32340
360ONE,F&O VOL,4688,4143,,,,,,,,,147
360ONE,F&O OI,16679,15910,,,,,,,,,16712
360ONE,CALL VOL,1565,1084,,,,,,,,,56
360ONE,CALL OI,1151,1092,,,,,,,,,1168
360ONE,PUT VOL,832,950,,,,,,,,,19
360ONE,PUT OI,2686,2581,,,,,,,,,2690
ABB,PRICE,7329.0,7401.5,,,,7294.0,7352.75,7336.92,7403.75,7391.25,7220.0
ABB,VWAP,,,,,,,,,,,7232.0
ABB,CASH VOL,93304,309539,26059,50.67,57.68,,,,,,7657
ABB,F&O VOL,8151,12060,,,,,,,,,783
ABB,F&O OI,27227,26882,,,,,,,,,27258
ABB,CALL VOL,3165,4981,,,,,,,,,346
ABB,CALL OI,3896,3555,,,,,,,,,3896
ABB,PUT VOL,2220,3121,,,,,,,,,296
ABB,PUT OI,5640,5719,,,,,,,,,5684
ABCAPITAL,PRICE,400.0,400.0,,,,395.0,399.65,398.95,402.02,396.25,392.0
ABCAPITAL,VWAP,,,,,,,,,,,393.67
ABCAPITAL,CASH VOL,1395209,2144020,320196,47.99,49.67,,,,,,131009
ABCAPITAL,F&O VOL,4134,5629,,,,,,,,,612
ABCAPITAL,F&O OI,20476,20382,,,,,,,,,20642
ABCAPITAL,CALL VOL,2027,2405,,,,,,,,,296
ABCAPITAL,CALL OI,2441,2434,,,,,,,,,2558
ABCAPITAL,PUT VOL,1125,1651,,,,,,,,,183
ABCAPITAL,PUT OI,3626,3632,,,,,,,,,3642
ADANIENSOL,PRICE,1391.9,1423.3,,,,1375.0,1410.75,1398.18,1405.13,1396.2,1372.0
ADANIENSOL,VWAP,,,,,,,,,,,1373.5
ADANIENSOL,CASH VOL,1412618,1914487,366552,43.7,37.88,,,,,,73036
ADANIENSOL,F&O VOL,18818,41191,,,,,,,,,720
ADANIENSOL,F&O OI,54910,53131,,,,,,,,,54980
ADANIENSOL,CALL VOL,6063,12558,,,,,,,,,293
ADANIENSOL,CALL OI,4329,3489,,,,,,,,,4342
ADANIENSOL,PUT VOL,4794,5987,,,,,,,,,153
ADANIENSOL,PUT OI,3869,3391,,,,,,,,,3862
ADANIENT,PRICE,3077.2,3104.7,,,,3040.0,3077.8,3077.4,2924.58,2897.75,3029.0
ADANIENT,VWAP,,,,,,,,,,,3025.5
ADANIENT,CASH VOL,1716315,5320594,559195,39.05,36.86,,,,,,104059
ADANIENT,F&O VOL,94517,301044,,,,,,,,,7689
ADANIENT,F&O OI,98254,101156,,,,,,,,,98241
ADANIENT,CALL VOL,34929,145839,,,,,,,,,3030
ADANIENT,CALL OI,19584,19886,,,,,,,,,19700
ADANIENT,PUT VOL,38251,83939,,,,,,,,,3909
ADANIENT,PUT OI,14666,16198,,,,,,,,,14518
ADANIGREEN,PRICE,1299.1,1315.0,,,,1292.6,1307.0,1301.73,1288.75,1263.65,1284.0
ADANIGREEN,VWAP,,,,,,,,,,,1288.33
ADANIGREEN,CASH VOL,1163355,2491107,358335,38.0,32.96,,,,,,137700
ADANIGREEN,F&O VOL,17445,47062,,,,,,,,,1054
ADANIGREEN,F&O OI,57536,58423,,,,,,,,,57576
ADANIGREEN,CALL VOL,7101,21994,,,,,,,,,405
ADANIGREEN,CALL OI,5657,5883,,,,,,,,,5614
ADANIGREEN,PUT VOL,5589,11151,,,,,,,,,406
ADANIGREEN,PUT OI,4347,4609,,,,,,,,,4359
ADANIPORTS,PRICE,1768.0,1775.0,,,,1755.0,1767.07,1765.2,1695.18,1670.95,1756.0
ADANIPORTS,VWAP,,,,,,,,,,,1756.4
ADANIPORTS,CASH VOL,2777377,5527528,627920,64.38,55.5,,,,,,119096
ADANIPORTS,F&O VOL,52655,166772,,,,,,,,,1995
ADANIPORTS,F&O OI,73704,74834,,,,,,,,,73458
ADANIPORTS,CALL VOL,23383,92276,,,,,,,,,944
ADANIPORTS,CALL OI,15305,14997,,,,,,,,,15245
ADANIPORTS,PUT VOL,18427,44292,,,,,,,,,895
ADANIPORTS,PUT OI,11340,10841,,,,,,,,,11125
ADANIPOWER,PRICE,213.5,214.9,,,,212.0,213.89,213.63,206.71,205.73,210.0
ADANIPOWER,VWAP,,,,,,,,,,,210.95
ADANIPOWER,CASH VOL,18719604,33227588,9657403,51.61,37.62,,,,,,803166
ADANIPOWER,F&O VOL,23488,89107,,,,,,,,,1521
ADANIPOWER,F&O OI,83872,85095,,,,,,,,,83846
ADANIPOWER,CALL VOL,10870,48650,,,,,,,,,601
ADANIPOWER,CALL OI,14495,14331,,,,,,,,,14586
ADANIPOWER,PUT VOL,7410,22959,,,,,,,,,480
ADANIPOWER,PUT OI,10054,10503,,,,,,,,,9993
ALKEM,PRICE,5138.0,5139.0,,,,5122.0,5144.75,5140.25,5244.0,5208.0,5062.0
ALKEM,VWAP,,,,,,,,,,,5077.67
ALKEM,CASH VOL,41390,106076,16750,63.22,65.11,,,,,,2906
ALKEM,F&O VOL,3425,4135,,,,,,,,,175
ALKEM,F&O OI,18934,18660,,,,,,,,,18940
ALKEM,CALL VOL,1209,1254,,,,,,,,,73
ALKEM,CALL OI,1544,1345,,,,,,,,,1565
ALKEM,PUT VOL,757,856,,,,,,,,,39
ALKEM,PUT OI,1764,1655,,,,,,,,,1752
AMBER,PRICE,7280.0,7210.0,,,,7261.0,7268.67,7246.0,7470.33,7463.0,7187.0
AMBER,VWAP,,,,,,,,,,,7214.17
AMBER,CASH VOL,96213,97425,33617,31.67,38.85,,,,,,5985
AMBER,F&O VOL,14148,8126,,,,,,,,,578
AMBER,F&O OI,28172,27578,,,,,,,,,28100
AMBER,CALL VOL,4375,3208,,,,,,,,,165
AMBER,CALL OI,5249,5227,,,,,,,,,5309
AMBER,PUT VOL,5978,1649,,,,,,,,,359
AMBER,PUT OI,5142,4421,,,,,,,,,5021
AMBUJACEM,PRICE,395.6,397.0,,,,393.0,395.8,395.67,403.88,401.62,389.0
AMBUJACEM,VWAP,,,,,,,,,,,389.9
AMBUJACEM,CASH VOL,1427859,862520,586275,49.88,43.92,,,,,,147008
AMBUJACEM,F&O VOL,6699,8926,,,,,,,,,614
AMBUJACEM,F&O OI,100191,99485,,,,,,,,,100315
AMBUJACEM,CALL VOL,3012,3554,,,,,,,,,347
AMBUJACEM,CALL OI,6488,5911,,,,,,,,,6533
AMBUJACEM,PUT VOL,1049,1315,,,,,,,,,89
AMBUJACEM,PUT OI,4147,3972,,,,,,,,,4157
ANGELONE,PRICE,297.3,299.05,,,,295.0,298.75,297.78,297.13,291.8,292.0
ANGELONE,VWAP,,,,,,,,,,,292.68
ANGELONE,CASH VOL,2559910,7856510,790691,36.63,38.08,,,,,,223174
ANGELONE,F&O VOL,10090,28163,,,,,,,,,854
ANGELONE,F&O OI,29654,29504,,,,,,,,,29805
ANGELONE,CALL VOL,4352,11990,,,,,,,,,362
ANGELONE,CALL OI,7050,6792,,,,,,,,,7157
ANGELONE,PUT VOL,2684,6505,,,,,,,,,277
ANGELONE,PUT OI,4796,4708,,,,,,,,,4759
APLAPOLLO,PRICE,2194.8,2168.0,,,,2176.2,2188.73,2176.6,2236.25,2208.75,2125.0
APLAPOLLO,VWAP,,,,,,,,,,,2144.17
APLAPOLLO,CASH VOL,292273,270373,70048,52.44,55.61,,,,,,62667
APLAPOLLO,F&O VOL,4777,7129,,,,,,,,,749
APLAPOLLO,F&O OI,47407,47214,,,,,,,,,47496
APLAPOLLO,CALL VOL,1289,1910,,,,,,,,,229
APLAPOLLO,CALL OI,3551,3517,,,,,,,,,3556
APLAPOLLO,PUT VOL,958,1600,,,,,,,,,143
APLAPOLLO,PUT OI,2964,2977,,,,,,,,,2961
APOLLOHOSP,PRICE,8900.0,8967.0,,,,8806.0,8949.5,8916.5,8753.75,8684.58,8862.0
APOLLOHOSP,VWAP,,,,,,,,,,,8847.0
APOLLOHOSP,CASH VOL,329159,375525,108765,64.29,45.59,,,,,,15957
APOLLOHOSP,F&O VOL,28693,57540,,,,,,,,,995
APOLLOHOSP,F&O OI,39475,38923,,,,,,,,,39480
APOLLOHOSP,CALL VOL,13467,34283,,,,,,,,,586
APOLLOHOSP,CALL OI,7758,6803,,,,,,,,,7720
APOLLOHOSP,PUT VOL,8316,13948,,,,,,,,,303
APOLLOHOSP,PUT OI,4676,5232,,,,,,,,,4693
ASHOKLEY,PRICE,166.12,167.0,,,,163.8,166.04,165.88,170.76,169.59,160.0
ASHOKLEY,VWAP,,,,,,,,,,,161.56
ASHOKLEY,CASH VOL,16214508,7197614,3510491,49.56,41.5,,,,,,2174715
ASHOKLEY,F&O VOL,29818,19085,,,,,,,,,3324
ASHOKLEY,F&O OI,58110,57736,,,,,,,,,58411
ASHOKLEY,CALL VOL,7557,4176,,,,,,,,,1018
ASHOKLEY,CALL OI,3958,3232,,,,,,,,,4101
ASHOKLEY,PUT VOL,8226,4944,,,,,,,,,1165
ASHOKLEY,PUT OI,7194,6906,,,,,,,,,7130
ASIANPAINT,PRICE,2498.1,2489.0,,,,2453.2,2493.18,2483.35,2578.0,2544.2,2459.0
ASIANPAINT,VWAP,,,,,,,,,,,2463.1
ASIANPAINT,CASH VOL,549332,432840,237288,70.29,59.76,,,,,,53335
ASIANPAINT,F&O VOL,16885,22762,,,,,,,,,2643
ASIANPAINT,F&O OI,64837,65266,,,,,,,,,64993
ASIANPAINT,CALL VOL,4375,5262,,,,,,,,,602
ASIANPAINT,CALL OI,3471,3030,,,,,,,,,3477
ASIANPAINT,PUT VOL,5905,8690,,,,,,,,,1682
ASIANPAINT,PUT OI,8089,7722,,,,,,,,,8141
ASTRAL,PRICE,1459.0,1474.8,,,,1452.0,1463.25,1460.42,1507.35,1497.72,1435.0
ASTRAL,VWAP,,,,,,,,,,,1441.9
ASTRAL,CASH VOL,914375,769503,236135,62.33,59.45,,,,,,16411
ASTRAL,F&O VOL,12693,13412,,,,,,,,,699
ASTRAL,F&O OI,24614,22984,,,,,,,,,24850
ASTRAL,CALL VOL,3891,2913,,,,,,,,,167
ASTRAL,CALL OI,2407,2000,,,,,,,,,2434
ASTRAL,PUT VOL,3655,4398,,,,,,,,,112
ASTRAL,PUT OI,2451,2364,,,,,,,,,2444
AUBANK,PRICE,1054.7,1060.5,,,,1052.0,1054.67,1054.6,1074.6,1068.2,1034.0
AUBANK,VWAP,,,,,,,,,,,1038.63
AUBANK,CASH VOL,1126434,1294481,367867,55.0,63.59,,,,,,42988
AUBANK,F&O VOL,17558,17159,,,,,,,,,914
AUBANK,F&O OI,38329,38361,,,,,,,,,38433
AUBANK,CALL VOL,9033,7471,,,,,,,,,429
AUBANK,CALL OI,5505,5368,,,,,,,,,5579
AUBANK,PUT VOL,5150,6434,,,,,,,,,306
AUBANK,PUT OI,6043,6016,,,,,,,,,6036
AUROPHARMA,PRICE,1668.4,1698.9,,,,1666.7,1674.2,1670.33,1661.35,1655.85,1664.0
AUROPHARMA,VWAP,,,,,,,,,,,1661.47
AUROPHARMA,CASH VOL,798368,600583,431432,54.32,47.52,,,,,,15315
AUROPHARMA,F&O VOL,13134,13310,,,,,,,,,425
AUROPHARMA,F&O OI,36549,35982,,,,,,,,,36601
AUROPHARMA,CALL VOL,4293,6420,,,,,,,,,208
AUROPHARMA,CALL OI,8439,8235,,,,,,,,,8449
AUROPHARMA,PUT VOL,5830,3578,,,,,,,,,131
AUROPHARMA,PUT OI,4104,4000,,,,,,,,,4111
AXISBANK,PRICE,1246.0,1238.5,,,,1237.9,1247.8,1246.6,1270.45,1265.35,1234.0
AXISBANK,VWAP,,,,,,,,,,,1232.9
AXISBANK,CASH VOL,4150654,6679663,1427377,64.9,72.82,,,,,,235014
AXISBANK,F&O VOL,81231,74415,,,,,,,,,6949
AXISBANK,F&O OI,202378,200157,,,,,,,,,202713
AXISBANK,CALL VOL,40305,33962,,,,,,,,,3322
AXISBANK,CALL OI,25381,22252,,,,,,,,,25736
AXISBANK,PUT VOL,31096,29702,,,,,,,,,2902
AXISBANK,PUT OI,16992,16478,,,,,,,,,16997
BAJAJ-AUTO,PRICE,11768.0,11790.0,,,,11624.0,11760.83,11746.5,12171.5,12003.17,11571.0
BAJAJ-AUTO,VWAP,,,,,,,,,,,11581.0
BAJAJ-AUTO,CASH VOL,121394,119472,42310,44.56,57.51,,,,,,10797
BAJAJ-AUTO,F&O VOL,27410,27885,,,,,,,,,2613
BAJAJ-AUTO,F&O OI,58463,56534,,,,,,,,,58623
BAJAJ-AUTO,CALL VOL,7087,6741,,,,,,,,,622
BAJAJ-AUTO,CALL OI,6937,6549,,,,,,,,,7046
BAJAJ-AUTO,PUT VOL,8196,8770,,,,,,,,,1036
BAJAJ-AUTO,PUT OI,10514,10086,,,,,,,,,10438
BAJAJFINSV,PRICE,1940.5,1927.0,,,,1912.1,1937.63,1931.9,1971.65,1970.55,1905.0
BAJAJFINSV,VWAP,,,,,,,,,,,1911.27
BAJAJFINSV,CASH VOL,658197,617280,173393,51.71,65.35,,,,,,28257
BAJAJFINSV,F&O VOL,10016,11978,,,,,,,,,638
BAJAJFINSV,F&O OI,57888,58117,,,,,,,,,57899
BAJAJFINSV,CALL VOL,3921,4201,,,,,,,,,238
BAJAJFINSV,CALL OI,6568,6539,,,,,,,,,6603
BAJAJFINSV,PUT VOL,2944,2813,,,,,,,,,265
BAJAJFINSV,PUT OI,8124,8402,,,,,,,,,8099
BAJAJHLDNG,PRICE,10992.0,11078.0,,,,10990.0,11021.5,11001.83,11264.0,11196.0,10981.0
BAJAJHLDNG,VWAP,,,,,,,,,,,10968.33
BAJAJHLDNG,CASH VOL,18035,18502,7503,47.7,48.57,,,,,,1539
BAJAJHLDNG,F&O VOL,411,413,,,,,,,,,3
BAJAJHLDNG,F&O OI,4919,4875,,,,,,,,,4919
BAJAJHLDNG,CALL VOL,141,84,,,,,,,,,1
BAJAJHLDNG,CALL OI,613,614,,,,,,,,,613
BAJAJHLDNG,PUT VOL,39,58,,,,,,,,,0
BAJAJHLDNG,PUT OI,447,441,,,,,,,,,447
BAJFINANCE,PRICE,1043.5,1039.3,,,,1031.0,1043.2,1042.6,1057.3,1050.9,1021.0
BAJFINANCE,VWAP,,,,,,,,,,,1024.83
BAJFINANCE,CASH VOL,3902988,9244698,1305854,65.15,67.82,,,,,,279311
BAJFINANCE,F&O VOL,20388,46782,,,,,,,,,2558
BAJFINANCE,F&O OI,138570,137893,,,,,,,,,138723
BAJFINANCE,CALL VOL,5449,10419,,,,,,,,,568
BAJFINANCE,CALL OI,6318,6181,,,,,,,,,6392
BAJFINANCE,PUT VOL,5598,12707,,,,,,,,,841
BAJFINANCE,PUT OI,11372,11327,,,,,,,,,11393
BANDHANBNK,PRICE,174.0,171.7,,,,171.75,173.24,171.71,164.54,163.71,171.0
BANDHANBNK,VWAP,,,,,,,,,,,171.73
BANDHANBNK,CASH VOL,11859976,11130322,4004720,55.79,32.23,,,,,,544693
BANDHANBNK,F&O VOL,1923,47240,,,,,,,,,28
BANDHANBNK,F&O OI,54468,55947,,,,,,,,,54464
BANDHANBNK,CALL VOL,749,26131,,,,,,,,,7
BANDHANBNK,CALL OI,8744,9302,,,,,,,,,8741
BANDHANBNK,PUT VOL,402,12877,,,,,,,,,6
BANDHANBNK,PUT OI,5978,6308,,,,,,,,,5977
BANKBARODA,PRICE,237.62,234.1,,,,235.35,237.46,237.15,240.0,239.33,234.0
BANKBARODA,VWAP,,,,,,,,,,,235.27
BANKBARODA,CASH VOL,8949331,14888061,1552012,47.92,63.39,,,,,,284017
BANKBARODA,F&O VOL,42820,22283,,,,,,,,,1660
BANKBARODA,F&O OI,84184,84066,,,,,,,,,84221
BANKBARODA,CALL VOL,24014,11340,,,,,,,,,772
BANKBARODA,CALL OI,14224,14522,,,,,,,,,14193
BANKBARODA,PUT VOL,12070,6409,,,,,,,,,474
BANKBARODA,PUT OI,11480,11247,,,,,,,,,11485
BANKINDIA,PRICE,141.0,141.06,,,,140.0,141.36,141.12,144.4,143.19,138.0
BANKINDIA,VWAP,,,,,,,,,,,138.6
BANKINDIA,CASH VOL,5321538,6061098,1208861,45.88,48.53,,,,,,578187
BANKINDIA,F&O VOL,6059,7587,,,,,,,,,305
BANKINDIA,F&O OI,27250,27312,,,,,,,,,27295
BANKINDIA,CALL VOL,2937,2425,,,,,,,,,87
BANKINDIA,CALL OI,4130,4098,,,,,,,,,4118
BANKINDIA,PUT VOL,989,1390,,,,,,,,,56
BANKINDIA,PUT OI,5547,5577,,,,,,,,,5554
BDL,PRICE,1195.0,1218.1,,,,1185.0,1205.6,1198.53,1262.0,1257.33,1178.0
BDL,VWAP,,,,,,,,,,,1180.8
BDL,CASH VOL,1240303,1337188,238712,31.29,32.87,,,,,,58371
BDL,F&O VOL,33162,34616,,,,,,,,,1490
BDL,F&O OI,59448,56634,,,,,,,,,59513
BDL,CALL VOL,8850,8329,,,,,,,,,503
BDL,CALL OI,7543,6524,,,,,,,,,7592
BDL,PUT VOL,10504,10613,,,,,,,,,507
BDL,PUT OI,8164,7823,,,,,,,,,8184
BEL,PRICE,405.0,406.0,,,,402.6,404.87,404.6,408.67,406.46,401.0
BEL,VWAP,,,,,,,,,,,401.68
BEL,CASH VOL,8716895,10899391,2783184,54.4,59.28,,,,,,804573
BEL,F&O VOL,45122,61503,,,,,,,,,1723
BEL,F&O OI,136812,134782,,,,,,,,,136796
BEL,CALL VOL,20276,32068,,,,,,,,,1069
BEL,CALL OI,23214,22413,,,,,,,,,23170
BEL,PUT VOL,10986,14440,,,,,,,,,445
BEL,PUT OI,15775,15236,,,,,,,,,15759
BHARATFORG,PRICE,1954.9,1979.6,,,,1947.8,1961.25,1957.02,2013.55,1975.18,1924.0
BHARATFORG,VWAP,,,,,,,,,,,1927.27
BHARATFORG,CASH VOL,403296,522619,181059,49.67,44.06,,,,,,13351
BHARATFORG,F&O VOL,7794,10533,,,,,,,,,502
BHARATFORG,F&O OI,29567,29426,,,,,,,,,29625
BHARATFORG,CALL VOL,1895,2712,,,,,,,,,271
BHARATFORG,CALL OI,2219,2148,,,,,,,,,2242
BHARATFORG,PUT VOL,2471,2976,,,,,,,,,161
BHARATFORG,PUT OI,3225,3216,,,,,,,,,3232
BHARTIARTL,PRICE,1839.0,1814.7,,,,1832.0,1836.5,1831.5,1858.6,1846.2,1839.0
BHARTIARTL,VWAP,,,,,,,,,,,1837.77
BHARTIARTL,CASH VOL,4588126,5574027,1420956,65.33,71.12,,,,,,243177
BHARTIARTL,F&O VOL,82709,61890,,,,,,,,,2890
BHARTIARTL,F&O OI,214665,214239,,,,,,,,,214831
BHARTIARTL,CALL VOL,46479,30351,,,,,,,,,1931
BHARTIARTL,CALL OI,27442,26478,,,,,,,,,27543
BHARTIARTL,PUT VOL,22731,19366,,,,,,,,,970
BHARTIARTL,PUT OI,23077,23222,,,,,,,,,23140
BHEL,PRICE,429.5,433.7,,,,427.0,431.25,430.08,430.16,428.27,421.0
BHEL,VWAP,,,,,,,,,,,423.08
BHEL,CASH VOL,3963862,8487227,1097630,44.46,42.28,,,,,,334140
BHEL,F&O VOL,18842,39822,,,,,,,,,1502
BHEL,F&O OI,52738,52101,,,,,,,,,52675
BHEL,CALL VOL,5925,15768,,,,,,,,,515
BHEL,CALL OI,7503,7055,,,,,,,,,7576
BHEL,PUT VOL,6118,11178,,,,,,,,,434
BHEL,PUT OI,6262,6404,,,,,,,,,6214
BIOCON,PRICE,391.65,395.0,,,,391.55,393.2,392.17,402.07,398.96,386.0
BIOCON,VWAP,,,,,,,,,,,387.97
BIOCON,CASH VOL,4737510,10271402,1202428,58.11,37.63,,,,,,107502
BIOCON,F&O VOL,25174,64313,,,,,,,,,906
BIOCON,F&O OI,45518,44493,,,,,,,,,45501
BIOCON,CALL VOL,12326,30446,,,,,,,,,366
BIOCON,CALL OI,7717,6745,,,,,,,,,7716
BIOCON,PUT VOL,5533,13682,,,,,,,,,422
BIOCON,PUT OI,4743,4767,,,,,,,,,4765
BLUESTARCO,PRICE,1514.0,1456.9,,,,1500.0,1504.08,1484.25,1480.53,1473.6,1494.0
BLUESTARCO,VWAP,,,,,,,,,,,1499.4
BLUESTARCO,CASH VOL,997496,714546,516674,49.41,61.22,,,,,,25066
BLUESTARCO,F&O VOL,23777,7445,,,,,,,,,711
BLUESTARCO,F&O OI,31746,30369,,,,,,,,,31661
BLUESTARCO,CALL VOL,14134,2915,,,,,,,,,363
BLUESTARCO,CALL OI,4793,4686,,,,,,,,,4757
BLUESTARCO,PUT VOL,4179,1460,,,,,,,,,229
BLUESTARCO,PUT OI,3516,2918,,,,,,,,,3465
BOSCHLTD,PRICE,48775.0,49100.0,,,,48480.0,48780.0,48776.67,47905.0,47181.67,48450.0
BOSCHLTD,VWAP,,,,,,,,,,,48371.67
BOSCHLTD,CASH VOL,28128,28278,11104,57.07,58.19,,,,,,1580
BOSCHLTD,F&O VOL,17137,16149,,,,,,,,,466
BOSCHLTD,F&O OI,20171,19470,,,,,,,,,20114
BOSCHLTD,CALL VOL,3733,3891,,,,,,,,,180
BOSCHLTD,CALL OI,3273,3350,,,,,,,,,3261
BOSCHLTD,PUT VOL,3016,2942,,,,,,,,,175
BOSCHLTD,PUT OI,2873,2867,,,,,,,,,2834
BPCL,PRICE,303.0,303.55,,,,299.4,303.93,303.31,317.02,316.14,297.0
BPCL,VWAP,,,,,,,,,,,298.12
BPCL,CASH VOL,3231631,4492551,1299587,59.07,51.5,,,,,,281572
BPCL,F&O VOL,9095,17302,,,,,,,,,1005
BPCL,F&O OI,30281,30313,,,,,,,,,30379
BPCL,CALL VOL,3512,6604,,,,,,,,,341
BPCL,CALL OI,4476,4242,,,,,,,,,4481
BPCL,PUT VOL,4018,7179,,,,,,,,,516
BPCL,PUT OI,4478,4719,,,,,,,,,4492
BRITANNIA,PRICE,5009.0,5090.0,,,,4996.0,5052.5,5023.5,5151.0,5118.0,4984.0
BRITANNIA,VWAP,,,,,,,,,,,4976.33
BRITANNIA,CASH VOL,263129,190380,84554,50.76,47.1,,,,,,6698
BRITANNIA,F&O VOL,13361,8415,,,,,,,,,577
BRITANNIA,F&O OI,37832,36194,,,,,,,,,37796
BRITANNIA,CALL VOL,5010,2862,,,,,,,,,235
BRITANNIA,CALL OI,2613,1777,,,,,,,,,2605
BRITANNIA,PUT VOL,4064,1820,,,,,,,,,135
BRITANNIA,PUT OI,5034,4844,,,,,,,,,5035
BSE,PRICE,3306.0,3289.8,,,,3280.0,3299.5,3286.5,3374.12,3302.75,3222.0
BSE,VWAP,,,,,,,,,,,3241.67
BSE,CASH VOL,2228183,4365902,602562,31.47,40.09,,,,,,347045
BSE,F&O VOL,89763,174918,,,,,,,,,11244
BSE,F&O OI,143580,142745,,,,,,,,,143815
BSE,CALL VOL,44259,71481,,,,,,,,,5341
BSE,CALL OI,35938,36111,,,,,,,,,36644
BSE,PUT VOL,29173,69206,,,,,,,,,5465
BSE,PUT OI,32783,32258,,,,,,,,,32239
CAMS,PRICE,712.0,715.0,,,,708.5,708.57,701.7,756.77,751.46,696.0
CAMS,VWAP,,,,,,,,,,,700.77
CAMS,CASH VOL,1371752,1556690,357370,49.63,50.89,,,,,,87937
CAMS,F&O VOL,8160,13098,,,,,,,,,707
CAMS,F&O OI,23474,22908,,,,,,,,,23430
CAMS,CALL VOL,3060,2919,,,,,,,,,354
CAMS,CALL OI,1946,1633,,,,,,,,,1957
CAMS,PUT VOL,1454,3213,,,,,,,,,203
CAMS,PUT OI,2957,2902,,,,,,,,,3005
CANBK,PRICE,124.6,124.08,,,,124.0,125.65,124.95,126.53,125.84,122.0
CANBK,VWAP,,,,,,,,,,,123.26
CANBK,CASH VOL,22002938,9338510,4237573,30.07,50.55,,,,,,996983
CANBK,F&O VOL,40810,9993,,,,,,,,,979
CANBK,F&O OI,79745,78260,,,,,,,,,79978
CANBK,CALL VOL,24656,4748,,,,,,,,,737
CANBK,CALL OI,10180,9048,,,,,,,,,10357
CANBK,PUT VOL,9596,2793,,,,,,,,,146
CANBK,PUT OI,8011,7533,,,,,,,,,8026
CDSL,PRICE,1355.0,1368.6,,,,1343.6,1362.45,1357.48,1392.03,1386.9,1321.0
CDSL,VWAP,,,,,,,,,,,1329.93
CDSL,CASH VOL,771857,1314059,169801,37.75,36.41,,,,,,188817
CDSL,F&O VOL,19470,33546,,,,,,,,,2136
CDSL,F&O OI,58980,57495,,,,,,,,,59125
CDSL,CALL VOL,5917,10104,,,,,,,,,994
CDSL,CALL OI,8345,7418,,,,,,,,,8369
CDSL,PUT VOL,5676,6591,,,,,,,,,437
CDSL,PUT OI,8686,8264,,,,,,,,,8736
CGPOWER,PRICE,914.55,926.95,,,,906.85,918.0,915.7,889.59,886.77,893.0
CGPOWER,VWAP,,,,,,,,,,,896.98
CGPOWER,CASH VOL,1989359,3454657,477236,53.78,46.98,,,,,,124377
CGPOWER,F&O VOL,16072,38446,,,,,,,,,1075
CGPOWER,F&O OI,37321,36823,,,,,,,,,37312
CGPOWER,CALL VOL,6749,20549,,,,,,,,,511
CGPOWER,CALL OI,7563,6983,,,,,,,,,7590
CGPOWER,PUT VOL,4892,8772,,,,,,,,,390
CGPOWER,PUT OI,7016,7519,,,,,,,,,6990
CHOLAFIN,PRICE,1859.0,1829.0,,,,1834.1,1851.4,1836.2,1831.57,1816.7,1806.0
CHOLAFIN,VWAP,,,,,,,,,,,1811.2
CHOLAFIN,CASH VOL,2679971,1079333,900236,67.31,68.59,,,,,,45516
CHOLAFIN,F&O VOL,18702,5852,,,,,,,,,1458
CHOLAFIN,F&O OI,30889,31335,,,,,,,,,30850
CHOLAFIN,CALL VOL,6604,2062,,,,,,,,,516
CHOLAFIN,CALL OI,2365,2240,,,,,,,,,2437
CHOLAFIN,PUT VOL,5441,1707,,,,,,,,,637
CHOLAFIN,PUT OI,3648,3143,,,,,,,,,3495
CIPLA,PRICE,1373.3,1363.1,,,,1373.0,1372.72,1371.55,1400.6,1390.2,1361.0
CIPLA,VWAP,,,,,,,,,,,1362.93
CIPLA,CASH VOL,826221,818773,241350,59.47,65.63,,,,,,30860
CIPLA,F&O VOL,15008,12892,,,,,,,,,523
CIPLA,F&O OI,48760,48849,,,,,,,,,48752
CIPLA,CALL VOL,6381,3979,,,,,,,,,202
CIPLA,CALL OI,3093,2640,,,,,,,,,3062
CIPLA,PUT VOL,3612,2899,,,,,,,,,59
CIPLA,PUT OI,4008,4041,,,,,,,,,4003
COALINDIA,PRICE,432.0,431.0,,,,432.0,433.15,432.38,414.88,413.95,432.0
COALINDIA,VWAP,,,,,,,,,,,432.83
COALINDIA,CASH VOL,8811171,22791556,2566595,62.98,48.87,,,,,,303091
COALINDIA,F&O VOL,71099,202355,,,,,,,,,2451
COALINDIA,F&O OI,134030,133794,,,,,,,,,134431
COALINDIA,CALL VOL,35855,99810,,,,,,,,,2075
COALINDIA,CALL OI,22951,22590,,,,,,,,,23262
COALINDIA,PUT VOL,24727,67296,,,,,,,,,757
COALINDIA,PUT OI,14903,13863,,,,,,,,,15002
COCHINSHIP,PRICE,1520.4,1556.0,,,,1510.0,1546.1,1528.97,1495.23,1487.5,1464.0
COCHINSHIP,VWAP,,,,,,,,,,,1469.17
COCHINSHIP,CASH VOL,1052635,1253871,275607,29.2,39.94,,,,,,260827
COCHINSHIP,F&O VOL,21104,19267,,,,,,,,,3299
COCHINSHIP,F&O OI,30361,28223,,,,,,,,,30733
COCHINSHIP,CALL VOL,5429,7075,,,,,,,,,1391
COCHINSHIP,CALL OI,3764,3395,,,,,,,,,3998
COCHINSHIP,PUT VOL,4344,3065,,,,,,,,,1308
COCHINSHIP,PUT OI,4225,4026,,,,,,,,,4206
COFORGE,PRICE,1833.1,1845.0,,,,1807.3,1849.5,1838.57,1967.87,1958.0,1834.0
COFORGE,VWAP,,,,,,,,,,,1832.77
COFORGE,CASH VOL,2691550,10837239,393314,38.63,45.82,,,,,,215116
COFORGE,F&O VOL,82726,235837,,,,,,,,,4583
COFORGE,F&O OI,68560,67169,,,,,,,,,68774
COFORGE,CALL VOL,33164,63463,,,,,,,,,2217
COFORGE,CALL OI,9502,7626,,,,,,,,,9573
COFORGE,PUT VOL,21382,86803,,,,,,,,,1594
COFORGE,PUT OI,10290,11323,,,,,,,,,10430
COLPAL,PRICE,1808.5,1800.0,,,,1799.0,1806.82,1803.45,1851.1,1836.5,1789.0
COLPAL,VWAP,,,,,,,,,,,1790.27
COLPAL,CASH VOL,125826,518477,37486,59.54,65.99,,,,,,7856
COLPAL,F&O VOL,6473,9704,,,,,,,,,184
COLPAL,F&O OI,42726,41858,,,,,,,,,42711
COLPAL,CALL VOL,2914,3382,,,,,,,,,94
COLPAL,CALL OI,3555,3093,,,,,,,,,3558
COLPAL,PUT VOL,1094,2107,,,,,,,,,15
COLPAL,PUT OI,4338,4169,,,,,,,,,4338
CONCOR,PRICE,504.15,510.0,,,,500.0,506.82,505.04,511.38,509.12,496.0
CONCOR,VWAP,,,,,,,,,,,497.75
CONCOR,CASH VOL,932939,1057889,225233,56.34,43.29,,,,,,24103
CONCOR,F&O VOL,4055,8810,,,,,,,,,285
CONCOR,F&O OI,29671,29740,,,,,,,,,29694
CONCOR,CALL VOL,1694,3164,,,,,,,,,198
CONCOR,CALL OI,2767,2599,,,,,,,,,2777
CONCOR,PUT VOL,618,1922,,,,,,,,,11
CONCOR,PUT OI,2581,2586,,,,,,,,,2580
CROMPTON,PRICE,230.0,232.96,,,,229.0,231.87,230.62,231.9,230.91,227.0
CROMPTON,VWAP,,,,,,,,,,,227.85
CROMPTON,CASH VOL,2559289,3989754,856389,51.37,50.36,,,,,,88277
CROMPTON,F&O VOL,4787,6667,,,,,,,,,340
CROMPTON,F&O OI,52351,52673,,,,,,,,,52356
CROMPTON,CALL VOL,2144,3116,,,,,,,,,289
CROMPTON,CALL OI,6986,7046,,,,,,,,,7003
CROMPTON,PUT VOL,1082,1129,,,,,,,,,36
CROMPTON,PUT OI,5733,5782,,,,,,,,,5733
CUMMINSIND,PRICE,5155.0,5170.5,,,,5117.0,5154.42,5153.25,5059.5,5043.17,5028.0
CUMMINSIND,VWAP,,,,,,,,,,,5059.17
CUMMINSIND,CASH VOL,817252,373017,601151,69.06,48.19,,,,,,31856
CUMMINSIND,F&O VOL,22524,27734,,,,,,,,,1619
CUMMINSIND,F&O OI,41519,43480,,,,,,,,,41748
CUMMINSIND,CALL VOL,10756,15863,,,,,,,,,1159
CUMMINSIND,CALL OI,4609,5053,,,,,,,,,4858
CUMMINSIND,PUT VOL,6299,6915,,,,,,,,,561
CUMMINSIND,PUT OI,5211,5741,,,,,,,,,5147
DABUR,PRICE,376.45,371.55,,,,372.35,375.43,373.38,382.08,381.29,373.0
DABUR,VWAP,,,,,,,,,,,373.87
DABUR,CASH VOL,2119982,2451979,572808,64.46,58.52,,,,,,43658
DABUR,F&O VOL,15556,15490,,,,,,,,,515
DABUR,F&O OI,51953,52962,,,,,,,,,51964
DABUR,CALL VOL,8158,7668,,,,,,,,,406
DABUR,CALL OI,8309,9017,,,,,,,,,8293
DABUR,PUT VOL,3402,3341,,,,,,,,,77
DABUR,PUT OI,6852,6950,,,,,,,,,6847
DALBHARAT,PRICE,1745.3,1733.6,,,,1745.0,1742.57,1737.1,1813.0,1770.53,
DALBHARAT,VWAP,,,,,,,,,,,1723.13
DALBHARAT,CASH VOL,79405,41241,28831,41.32,39.0,,,,,,953
DALBHARAT,F&O VOL,,,,,,,,,,,
DALBHARAT,F&O OI,,,,,,,,,,,
DALBHARAT,CALL VOL,,,,,,,,,,,
DALBHARAT,CALL OI,,,,,,,,,,,
DALBHARAT,PUT VOL,,,,,,,,,,,
DALBHARAT,PUT OI,,,,,,,,,,,
DELHIVERY,PRICE,447.7,451.2,,,,445.35,447.69,447.67,457.83,457.7,446.0
DELHIVERY,VWAP,,,,,,,,,,,445.1
DELHIVERY,CASH VOL,1333939,1267067,283053,53.16,52.96,,,,,,46860
DELHIVERY,F&O VOL,4672,3826,,,,,,,,,62
DELHIVERY,F&O OI,21381,21251,,,,,,,,,21390
DELHIVERY,CALL VOL,1967,1302,,,,,,,,,49
DELHIVERY,CALL OI,2673,2632,,,,,,,,,2677
DELHIVERY,PUT VOL,1144,779,,,,,,,,,13
DELHIVERY,PUT OI,3026,3022,,,,,,,,,3032
DIVISLAB,PRICE,9438.5,9488.0,,,,9370.0,9495.25,9457.42,9193.0,9131.0,9376.0
DIVISLAB,VWAP,,,,,,,,,,,9366.0
DIVISLAB,CASH VOL,338181,385273,63609,48.35,57.52,,,,,,10794
DIVISLAB,F&O VOL,49531,69292,,,,,,,,,2133
DIVISLAB,F&O OI,75706,73068,,,,,,,,,75728
DIVISLAB,CALL VOL,20509,22976,,,,,,,,,1096
DIVISLAB,CALL OI,15166,13830,,,,,,,,,15205
DIVISLAB,PUT VOL,15368,24024,,,,,,,,,872
DIVISLAB,PUT OI,10598,10636,,,,,,,,,10509
DIXON,PRICE,13500.0,13845.0,,,,13300.0,13611.0,13537.0,14445.0,14308.33,13189.0
DIXON,VWAP,,,,,,,,,,,13220.33
DIXON,CASH VOL,467984,368566,84998,34.03,48.48,,,,,,36641
DIXON,F&O VOL,186710,86113,,,,,,,,,8526
DIXON,F&O OI,150458,137323,,,,,,,,,150844
DIXON,CALL VOL,65107,24296,,,,,,,,,4060
DIXON,CALL OI,21882,15142,,,,,,,,,22198
DIXON,PUT VOL,62183,24749,,,,,,,,,3907
DIXON,PUT OI,18540,18860,,,,,,,,,18479
DLF,PRICE,655.85,655.1,,,,650.0,657.15,656.28,678.11,670.52,642.0
DLF,VWAP,,,,,,,,,,,641.97
DLF,CASH VOL,2509591,17000327,1072438,45.79,68.81,,,,,,185566
DLF,F&O VOL,28034,47692,,,,,,,,,1726
DLF,F&O OI,69192,69140,,,,,,,,,69269
DLF,CALL VOL,10093,13528,,,,,,,,,977
DLF,CALL OI,5055,4864,,,,,,,,,5240
DLF,PUT VOL,8419,15003,,,,,,,,,744
DLF,PUT OI,4955,5199,,,,,,,,,4910
DMART,PRICE,3690.0,3735.0,,,,3677.8,3699.5,3693.17,3798.4,3779.47,3660.0
DMART,VWAP,,,,,,,,,,,3663.37
DMART,CASH VOL,265194,183727,112094,55.32,53.63,,,,,,9177
DMART,F&O VOL,15002,10071,,,,,,,,,620
DMART,F&O OI,59695,57937,,,,,,,,,59599
DMART,CALL VOL,6719,3807,,,,,,,,,409
DMART,CALL OI,7386,6215,,,,,,,,,7302
DMART,PUT VOL,3448,1871,,,,,,,,,156
DMART,PUT OI,6892,6723,,,,,,,,,6890
DRREDDY,PRICE,1143.0,1145.0,,,,1130.0,1142.35,1141.05,1165.45,1155.82,1137.0
DRREDDY,VWAP,,,,,,,,,,,1136.73
DRREDDY,CASH VOL,1684792,528499,436753,74.47,60.54,,,,,,42738
DRREDDY,F&O VOL,15690,15672,,,,,,,,,603
DRREDDY,F&O OI,55870,54218,,,,,,,,,55901
DRREDDY,CALL VOL,7136,5607,,,,,,,,,420
DRREDDY,CALL OI,4453,3780,,,,,,,,,4454
DRREDDY,PUT VOL,2707,2673,,,,,,,,,58
DRREDDY,PUT OI,4476,4347,,,,,,,,,4478
EICHERMOT,PRICE,7697.0,7734.5,,,,7600.0,7695.25,7691.75,7779.75,7680.25,7578.0
EICHERMOT,VWAP,,,,,,,,,,,7586.33
EICHERMOT,CASH VOL,289058,318638,93627,52.78,58.0,,,,,,15954
EICHERMOT,F&O VOL,27737,28356,,,,,,,,,2778
EICHERMOT,F&O OI,68445,67390,,,,,,,,,68403
EICHERMOT,CALL VOL,11077,13665,,,,,,,,,1312
EICHERMOT,CALL OI,10085,9541,,,,,,,,,10280
EICHERMOT,PUT VOL,11721,9230,,,,,,,,,1737
EICHERMOT,PUT OI,13050,13209,,,,,,,,,12829
ETERNAL,PRICE,322.1,320.6,,,,317.95,321.48,320.23,325.65,323.72,318.0
ETERNAL,VWAP,,,,,,,,,,,317.55
ETERNAL,CASH VOL,15557911,22599551,5592642,59.76,70.88,,,,,,653231
ETERNAL,F&O VOL,33734,40182,,,,,,,,,1680
ETERNAL,F&O OI,104276,104249,,,,,,,,,104354
ETERNAL,CALL VOL,13473,16103,,,,,,,,,704
ETERNAL,CALL OI,19312,19548,,,,,,,,,19424
ETERNAL,PUT VOL,11191,11336,,,,,,,,,640
ETERNAL,PUT OI,10892,10039,,,,,,,,,10799
FEDERALBNK,PRICE,346.0,345.0,,,,343.0,345.8,345.4,349.38,345.12,342.0
FEDERALBNK,VWAP,,,,,,,,,,,343.07
FEDERALBNK,CASH VOL,5314983,3903520,1366896,60.52,67.66,,,,,,59317
FEDERALBNK,F&O VOL,12177,12004,,,,,,,,,619
FEDERALBNK,F&O OI,52796,52545,,,,,,,,,52798
FEDERALBNK,CALL VOL,5820,4113,,,,,,,,,307
FEDERALBNK,CALL OI,8299,8269,,,,,,,,,8271
FEDERALBNK,PUT VOL,3568,3311,,,,,,,,,172
FEDERALBNK,PUT OI,5840,5782,,,,,,,,,5845
FORCEMOT,PRICE,18175.0,17355.0,,,,18000.0,18064.67,17844.0,17714.5,17571.5,17717.0
FORCEMOT,VWAP,,,,,,,,,,,17795.67
FORCEMOT,CASH VOL,222791,36797,48606,31.31,37.32,,,,,,9921
FORCEMOT,F&O VOL,108911,9015,,,,,,,,,3887
FORCEMOT,F&O OI,21021,19429,,,,,,,,,20631
FORCEMOT,CALL VOL,70365,4349,,,,,,,,,1716
FORCEMOT,CALL OI,5553,5359,,,,,,,,,5613
FORCEMOT,PUT VOL,22388,3029,,,,,,,,,2144
FORCEMOT,PUT OI,3997,2480,,,,,,,,,3528
FORTIS,PRICE,902.45,915.0,,,,897.5,907.8,904.23,907.23,905.74,893.0
FORTIS,VWAP,,,,,,,,,,,891.48
FORTIS,CASH VOL,963139,670656,425037,54.63,40.84,,,,,,35271
FORTIS,F&O VOL,4921,6239,,,,,,,,,318
FORTIS,F&O OI,20681,20481,,,,,,,,,20732
FORTIS,CALL VOL,1526,1963,,,,,,,,,117
FORTIS,CALL OI,1339,1348,,,,,,,,,1329
FORTIS,PUT VOL,1579,1013,,,,,,,,,95
FORTIS,PUT OI,1653,1647,,,,,,,,,1674
GAIL,PRICE,174.49,174.9,,,,173.5,174.88,174.62,173.22,172.84,173.0
GAIL,VWAP,,,,,,,,,,,173.5
GAIL,CASH VOL,4397343,4342968,1456806,55.63,57.32,,,,,,160315
GAIL,F&O VOL,9234,7056,,,,,,,,,137
GAIL,F&O OI,34358,34551,,,,,,,,,34348
GAIL,CALL VOL,4826,3589,,,,,,,,,107
GAIL,CALL OI,5723,5471,,,,,,,,,5712
GAIL,PUT VOL,2312,1981,,,,,,,,,15
GAIL,PUT OI,3409,3470,,,,,,,,,3409
GLENMARK,PRICE,2415.0,2435.0,,,,2411.2,2426.5,2418.83,2457.45,2443.95,2403.0
GLENMARK,VWAP,,,,,,,,,,,2407.9
GLENMARK,CASH VOL,262107,424753,90285,57.73,37.45,,,,,,21916
GLENMARK,F&O VOL,4109,12002,,,,,,,,,177
GLENMARK,F&O OI,38925,39033,,,,,,,,,38927
GLENMARK,CALL VOL,1358,3492,,,,,,,,,80
GLENMARK,CALL OI,3140,3124,,,,,,,,,3152
GLENMARK,PUT VOL,996,2683,,,,,,,,,42
GLENMARK,PUT OI,1918,2054,,,,,,,,,1903
GMRAIRPORT,PRICE,97.46,98.65,,,,96.79,97.72,97.54,96.73,95.29,95.0
GMRAIRPORT,VWAP,,,,,,,,,,,95.99
GMRAIRPORT,CASH VOL,9680394,11994804,2481072,63.45,52.65,,,,,,266261
GMRAIRPORT,F&O VOL,4284,12126,,,,,,,,,138
GMRAIRPORT,F&O OI,37643,37598,,,,,,,,,37643
GMRAIRPORT,CALL VOL,1669,4810,,,,,,,,,59
GMRAIRPORT,CALL OI,3908,3866,,,,,,,,,3910
GMRAIRPORT,PUT VOL,953,2503,,,,,,,,,26
GMRAIRPORT,PUT OI,5668,5735,,,,,,,,,5669
GODFRYPHLP,PRICE,1972.0,1978.5,,,,1965.8,1981.95,1975.32,2072.05,2058.02,1955.0
GODFRYPHLP,VWAP,,,,,,,,,,,1956.97
GODFRYPHLP,CASH VOL,190824,184308,35532,36.1,43.03,,,,,,15842
GODFRYPHLP,F&O VOL,2554,2171,,,,,,,,,161
GODFRYPHLP,F&O OI,10193,9768,,,,,,,,,10209
GODFRYPHLP,CALL VOL,1237,1050,,,,,,,,,119
GODFRYPHLP,CALL OI,2094,1891,,,,,,,,,2106
GODFRYPHLP,PUT VOL,612,606,,,,,,,,,17
GODFRYPHLP,PUT OI,1322,1239,,,,,,,,,1324
GODREJCP,PRICE,869.9,863.8,,,,860.0,868.57,865.9,882.6,879.53,863.0
GODREJCP,VWAP,,,,,,,,,,,862.22
GODREJCP,CASH VOL,697924,1440335,236364,54.51,63.79,,,,,,19704
GODREJCP,F&O VOL,8875,11826,,,,,,,,,292
GODREJCP,F&O OI,53994,54801,,,,,,,,,53979
GODREJCP,CALL VOL,3422,4655,,,,,,,,,164
GODREJCP,CALL OI,5702,5993,,,,,,,,,5706
GODREJCP,PUT VOL,1950,2661,,,,,,,,,35
GODREJCP,PUT OI,6000,6221,,,,,,,,,5996
GODREJPROP,PRICE,1872.0,1857.1,,,,1855.0,1866.47,1855.4,1982.8,1982.27,1805.0
GODREJPROP,VWAP,,,,,,,,,,,1814.2
GODREJPROP,CASH VOL,686220,538632,138905,54.24,45.45,,,,,,87746
GODREJPROP,F&O VOL,20266,10988,,,,,,,,,2204
GODREJPROP,F&O OI,45148,44094,,,,,,,,,45416
GODREJPROP,CALL VOL,2457,1387,,,,,,,,,534
GODREJPROP,CALL OI,1300,980,,,,,,,,,1446
GODREJPROP,PUT VOL,6117,2236,,,,,,,,,1222
GODREJPROP,PUT OI,3296,2745,,,,,,,,,3326
GRASIM,PRICE,3319.0,3300.0,,,,3302.4,3313.38,3302.15,3310.08,3286.25,3284.0
GRASIM,VWAP,,,,,,,,,,,3291.73
GRASIM,CASH VOL,1056285,850901,450050,69.31,62.59,,,,,,13935
GRASIM,F&O VOL,12849,10810,,,,,,,,,764
GRASIM,F&O OI,44863,44654,,,,,,,,,44911
GRASIM,CALL VOL,4365,2956,,,,,,,,,373
GRASIM,CALL OI,4138,4243,,,,,,,,,4270
GRASIM,PUT VOL,2198,2262,,,,,,,,,290
GRASIM,PUT OI,2437,2369,,,,,,,,,2390
GVT&D,PRICE,4545.0,4673.0,,,,4500.0,4595.95,4561.98,4301.4,4291.6,4474.0
GVT&D,VWAP,,,,,,,,,,,4487.53
GVT&D,CASH VOL,685310,1094528,157572,42.55,33.99,,,,,,74256
GVT&D,F&O VOL,43422,73725,,,,,,,,,1686
GVT&D,F&O OI,51660,50088,,,,,,,,,51627
GVT&D,CALL VOL,18012,30240,,,,,,,,,967
GVT&D,CALL OI,12557,11300,,,,,,,,,12461
GVT&D,PUT VOL,18079,28270,,,,,,,,,705
GVT&D,PUT OI,9634,9639,,,,,,,,,9626
HAL,PRICE,4950.0,5000.5,,,,4930.0,4983.5,4961.17,4844.5,4821.5,4905.0
HAL,VWAP,,,,,,,,,,,4913.87
HAL,CASH VOL,688500,1669937,164175,45.34,51.27,,,,,,24631
HAL,F&O VOL,73116,110135,,,,,,,,,2538
HAL,F&O OI,79947,77271,,,,,,,,,79900
HAL,CALL VOL,27874,42144,,,,,,,,,1416
HAL,CALL OI,14081,12906,,,,,,,,,14218
HAL,PUT VOL,22693,33080,,,,,,,,,805
HAL,PUT OI,11104,12147,,,,,,,,,11061
HAVELLS,PRICE,1116.0,1120.4,,,,1107.9,1115.92,1115.75,1189.35,1165.78,1101.0
HAVELLS,VWAP,,,,,,,,,,,1103.4
HAVELLS,CASH VOL,1093884,608049,217803,68.06,59.09,,,,,,51995
HAVELLS,F&O VOL,11225,10648,,,,,,,,,461
HAVELLS,F&O OI,38769,37718,,,,,,,,,38876
HAVELLS,CALL VOL,5413,4643,,,,,,,,,279
HAVELLS,CALL OI,5246,4668,,,,,,,,,5293
HAVELLS,PUT VOL,2417,2677,,,,,,,,,76
HAVELLS,PUT OI,4051,3863,,,,,,,,,4057
HCLTECH,PRICE,1207.0,1229.8,,,,1196.0,1216.95,1210.32,1329.6,1305.47,1212.0
HCLTECH,VWAP,,,,,,,,,,,1209.23
HCLTECH,CASH VOL,2197859,2099173,564412,43.41,40.78,,,,,,139275
HCLTECH,F&O VOL,70203,61052,,,,,,,,,3074
HCLTECH,F&O OI,108241,101491,,,,,,,,,108139
HCLTECH,CALL VOL,22863,9314,,,,,,,,,1632
HCLTECH,CALL OI,5301,2865,,,,,,,,,5363
HCLTECH,PUT VOL,17006,15260,,,,,,,,,793
HCLTECH,PUT OI,5962,5347,,,,,,,,,5978
HDFCAMC,PRICE,2433.8,2440.0,,,,2405.0,2430.72,2424.55,2518.25,2478.28,2369.0
HDFCAMC,VWAP,,,,,,,,,,,2383.6
HDFCAMC,CASH VOL,370540,455316,106095,52.68,44.69,,,,,,43271
HDFCAMC,F&O VOL,10388,9565,,,,,,,,,816
HDFCAMC,F&O OI,37067,36466,,,,,,,,,37226
HDFCAMC,CALL VOL,6160,4466,,,,,,,,,557
HDFCAMC,CALL OI,4466,4115,,,,,,,,,4548
HDFCAMC,PUT VOL,2011,1691,,,,,,,,,182
HDFCAMC,PUT OI,4540,4502,,,,,,,,,4543
HDFCBANK,PRICE,693.8,687.1,,,,683.9,692.65,690.35,710.57,707.5,682.0
HDFCBANK,VWAP,,,,,,,,,,,684.18
HDFCBANK,CASH VOL,27108053,39173990,5518561,62.99,66.79,,,,,,3093992
HDFCBANK,F&O VOL,380742,596885,,,,,,,,,39108
HDFCBANK,F&O OI,1068218,1068596,,,,,,,,,1072811
HDFCBANK,CALL VOL,174867,265596,,,,,,,,,19027
HDFCBANK,CALL OI,143553,149306,,,,,,,,,146746
HDFCBANK,PUT VOL,102840,151315,,,,,,,,,11043
HDFCBANK,PUT OI,98834,97934,,,,,,,,,98683
HDFCLIFE,PRICE,526.15,514.0,,,,522.0,523.24,517.42,544.02,539.27,520.0
HDFCLIFE,VWAP,,,,,,,,,,,521.32
HDFCLIFE,CASH VOL,4125818,9024185,966290,48.9,46.48,,,,,,92029
HDFCLIFE,F&O VOL,55518,114080,,,,,,,,,1751
HDFCLIFE,F&O OI,91005,93421,,,,,,,,,90771
HDFCLIFE,CALL VOL,22326,43219,,,,,,,,,591
HDFCLIFE,CALL OI,8555,10748,,,,,,,,,8592
HDFCLIFE,PUT VOL,14601,26727,,,,,,,,,906
HDFCLIFE,PUT OI,10197,10223,,,,,,,,,9970
HEROMOTOCO,PRICE,5280.0,5218.0,,,,5218.0,5261.5,5224.5,5413.0,5337.67,5207.0
HEROMOTOCO,VWAP,,,,,,,,,,,5206.83
HEROMOTOCO,CASH VOL,501164,532099,156558,66.75,49.38,,,,,,15099
HEROMOTOCO,F&O VOL,29990,42741,,,,,,,,,1098
HEROMOTOCO,F&O OI,58742,59206,,,,,,,,,58821
HEROMOTOCO,CALL VOL,13777,18564,,,,,,,,,546
HEROMOTOCO,CALL OI,13453,13323,,,,,,,,,13578
HEROMOTOCO,PUT VOL,10228,15951,,,,,,,,,452
HEROMOTOCO,PUT OI,9110,9318,,,,,,,,,9058
HINDALCO,PRICE,1014.0,1026.9,,,,990.0,1018.65,1015.55,1016.05,1012.68,976.0
HINDALCO,VWAP,,,,,,,,,,,978.4
HINDALCO,CASH VOL,2172772,3255790,709232,56.26,52.31,,,,,,430354
HINDALCO,F&O VOL,30364,50619,,,,,,,,,8303
HINDALCO,F&O OI,102671,101605,,,,,,,,,103499
HINDALCO,CALL VOL,11032,25884,,,,,,,,,3296
HINDALCO,CALL OI,10902,10229,,,,,,,,,11540
HINDALCO,PUT VOL,8763,14243,,,,,,,,,4400
HINDALCO,PUT OI,12204,12421,,,,,,,,,12197
HINDPETRO,PRICE,352.65,348.9,,,,346.5,351.9,350.4,359.98,357.66,341.0
HINDPETRO,VWAP,,,,,,,,,,,342.68
HINDPETRO,CASH VOL,2991765,5786455,1096961,57.29,60.22,,,,,,566353
HINDPETRO,F&O VOL,7791,15273,,,,,,,,,1496
HINDPETRO,F&O OI,32823,33269,,,,,,,,,33222
HINDPETRO,CALL VOL,2608,5842,,,,,,,,,386
HINDPETRO,CALL OI,3050,3187,,,,,,,,,3141
HINDPETRO,PUT VOL,2970,3960,,,,,,,,,480
HINDPETRO,PUT OI,3814,3754,,,,,,,,,3772
HINDUNILVR,PRICE,1942.3,1945.0,,,,1930.5,1943.0,1942.53,1976.7,1974.5,1937.0
HINDUNILVR,VWAP,,,,,,,,,,,1934.63
HINDUNILVR,CASH VOL,1232506,1455307,412547,63.58,58.68,,,,,,40426
HINDUNILVR,F&O VOL,34661,53321,,,,,,,,,1181
HINDUNILVR,F&O OI,119409,119405,,,,,,,,,119350
HINDUNILVR,CALL VOL,14517,25351,,,,,,,,,787
HINDUNILVR,CALL OI,21071,20098,,,,,,,,,21101
HINDUNILVR,PUT VOL,11935,14053,,,,,,,,,240
HINDUNILVR,PUT OI,15347,15193,,,,,,,,,15334
HINDZINC,PRICE,593.6,605.4,,,,575.45,601.58,596.26,599.04,595.12,567.0
HINDZINC,VWAP,,,,,,,,,,,570.77
HINDZINC,CASH VOL,4559807,6313228,979399,43.99,49.21,,,,,,777566
HINDZINC,F&O VOL,38398,43354,,,,,,,,,10212
HINDZINC,F&O OI,59797,58336,,,,,,,,,60518
HINDZINC,CALL VOL,13485,17205,,,,,,,,,3512
HINDZINC,CALL OI,9288,8345,,,,,,,,,9928
HINDZINC,PUT VOL,10804,13889,,,,,,,,,5955
HINDZINC,PUT OI,10802,11230,,,,,,,,,10989
HYUNDAI,PRICE,2205.0,2182.4,,,,2187.6,2202.88,2198.65,2195.97,2177.9,2177.0
HYUNDAI,VWAP,,,,,,,,,,,2179.67
HYUNDAI,CASH VOL,907669,587339,169781,53.18,58.28,,,,,,25633
HYUNDAI,F&O VOL,12264,10317,,,,,,,,,327
HYUNDAI,F&O OI,25385,25131,,,,,,,,,25419
HYUNDAI,CALL VOL,5463,1798,,,,,,,,,88
HYUNDAI,CALL OI,2500,2579,,,,,,,,,2515
HYUNDAI,PUT VOL,1741,2070,,,,,,,,,86
HYUNDAI,PUT OI,3580,3594,,,,,,,,,3555
ICICIBANK,PRICE,1384.5,1389.1,,,,1371.6,1384.15,1383.45,1436.35,1427.58,1369.0
ICICIBANK,VWAP,,,,,,,,,,,1370.03
ICICIBANK,CASH VOL,10580641,14229080,4363243,71.13,70.76,,,,,,414605
ICICIBANK,F&O VOL,117873,132318,,,,,,,,,7499
ICICIBANK,F&O OI,247477,233081,,,,,,,,,248040
ICICIBANK,CALL VOL,36153,32879,,,,,,,,,2875
ICICIBANK,CALL OI,16810,12057,,,,,,,,,17009
ICICIBANK,PUT VOL,38335,45283,,,,,,,,,2205
ICICIBANK,PUT OI,20321,17770,,,,,,,,,20418
ICICIGI,PRICE,1465.0,1474.0,,,,1465.0,1467.55,1465.85,1540.4,1520.13,1451.0
ICICIGI,VWAP,,,,,,,,,,,1454.33
ICICIGI,CASH VOL,312999,974837,123948,59.53,66.84,,,,,,18119
ICICIGI,F&O VOL,3987,8118,,,,,,,,,158
ICICIGI,F&O OI,33360,33064,,,,,,,,,33332
ICICIGI,CALL VOL,1578,2815,,,,,,,,,97
ICICIGI,CALL OI,2433,2313,,,,,,,,,2438
ICICIGI,PUT VOL,836,2239,,,,,,,,,9
ICICIGI,PUT OI,3135,3040,,,,,,,,,3136
ICICIPRULI,PRICE,471.0,462.5,,,,468.8,469.08,465.23,497.25,495.45,463.0
ICICIPRULI,VWAP,,,,,,,,,,,464.15
ICICIPRULI,CASH VOL,2174563,942661,784339,61.52,43.7,,,,,,46895
ICICIPRULI,F&O VOL,13530,13224,,,,,,,,,228
ICICIPRULI,F&O OI,31535,32114,,,,,,,,,31513
ICICIPRULI,CALL VOL,5887,4293,,,,,,,,,141
ICICIPRULI,CALL OI,2067,2387,,,,,,,,,2067
ICICIPRULI,PUT VOL,2649,2942,,,,,,,,,71
ICICIPRULI,PUT OI,2644,2636,,,,,,,,,2622
IDEA,PRICE,14.9,15.52,,,,15.08,15.26,15.02,14.86,14.54,14.0
IDEA,VWAP,,,,,,,,,,,14.93
IDEA,CASH VOL,888431120,539161681,178707306,38.55,30.78,,,,,,67201722
IDEA,F&O VOL,63631,52480,,,,,,,,,3324
IDEA,F&O OI,130777,125586,,,,,,,,,131431
IDEA,CALL VOL,32284,30230,,,,,,,,,2078
IDEA,CALL OI,27312,22860,,,,,,,,,27620
IDEA,PUT VOL,13000,8533,,,,,,,,,628
IDEA,PUT OI,11975,11931,,,,,,,,,11978
IDFCFIRSTB,PRICE,86.84,86.0,,,,86.2,86.76,86.61,86.44,85.9,85.0
IDFCFIRSTB,VWAP,,,,,,,,,,,85.76
IDFCFIRSTB,CASH VOL,14637414,20235616,3215622,49.22,61.8,,,,,,788268
IDFCFIRSTB,F&O VOL,19714,12268,,,,,,,,,1211
IDFCFIRSTB,F&O OI,67946,66112,,,,,,,,,67757
IDFCFIRSTB,CALL VOL,8786,4965,,,,,,,,,451
IDFCFIRSTB,CALL OI,10930,10488,,,,,,,,,10861
IDFCFIRSTB,PUT VOL,5644,2907,,,,,,,,,314
IDFCFIRSTB,PUT OI,7786,7326,,,,,,,,,7764
IEX,PRICE,116.63,117.95,,,,115.88,117.34,116.87,119.66,119.16,114.0
IEX,VWAP,,,,,,,,,,,114.69
IEX,CASH VOL,2469793,3287242,548930,47.23,43.58,,,,,,747129
IEX,F&O VOL,4264,5797,,,,,,,,,356
IEX,F&O OI,30750,29970,,,,,,,,,30833
IEX,CALL VOL,2281,3478,,,,,,,,,158
IEX,CALL OI,5245,4646,,,,,,,,,5282
IEX,PUT VOL,880,817,,,,,,,,,63
IEX,PUT OI,3160,3131,,,,,,,,,3162
INDHOTEL,PRICE,715.75,722.75,,,,712.75,716.58,716.03,719.98,719.95,711.0
INDHOTEL,VWAP,,,,,,,,,,,711.38
INDHOTEL,CASH VOL,991880,853702,316272,57.64,66.22,,,,,,57711
INDHOTEL,F&O VOL,10096,7306,,,,,,,,,242
INDHOTEL,F&O OI,38891,38439,,,,,,,,,38915
INDHOTEL,CALL VOL,4886,2511,,,,,,,,,140
INDHOTEL,CALL OI,4074,4086,,,,,,,,,4101
INDHOTEL,PUT VOL,2853,1028,,,,,,,,,107
INDHOTEL,PUT OI,2955,2959,,,,,,,,,2974
INDIANB,PRICE,856.5,856.65,,,,848.95,860.23,857.74,886.35,881.92,839.0
INDIANB,VWAP,,,,,,,,,,,840.62
INDIANB,CASH VOL,1181088,1463841,291181,44.49,54.66,,,,,,85462
INDIANB,F&O VOL,14158,7325,,,,,,,,,1101
INDIANB,F&O OI,23588,22522,,,,,,,,,23732
INDIANB,CALL VOL,5087,2522,,,,,,,,,592
INDIANB,CALL OI,2700,2347,,,,,,,,,2753
INDIANB,PUT VOL,3601,1897,,,,,,,,,247
INDIANB,PUT OI,4174,3871,,,,,,,,,4177
INDIGO,PRICE,4945.0,4975.0,,,,4875.0,4937.17,4921.5,5007.5,4987.17,4825.0
INDIGO,VWAP,,,,,,,,,,,4851.67
INDIGO,CASH VOL,813491,443075,145260,64.32,58.1,,,,,,70549
INDIGO,F&O VOL,74133,34159,,,,,,,,,8117
INDIGO,F&O OI,83268,80489,,,,,,,,,83568
INDIGO,CALL VOL,29591,11556,,,,,,,,,2827
INDIGO,CALL OI,19975,17249,,,,,,,,,20049
INDIGO,PUT VOL,33914,18578,,,,,,,,,5692
INDIGO,PUT OI,14579,13247,,,,,,,,,14641
INDUSINDBK,PRICE,993.3,1004.0,,,,988.7,994.7,993.77,1000.98,985.95,981.0
INDUSINDBK,VWAP,,,,,,,,,,,983.5
INDUSINDBK,CASH VOL,972483,996411,320826,50.52,58.56,,,,,,53019
INDUSINDBK,F&O VOL,11949,12527,,,,,,,,,534
INDUSINDBK,F&O OI,66009,64520,,,,,,,,,66080
INDUSINDBK,CALL VOL,3976,3906,,,,,,,,,242
INDUSINDBK,CALL OI,4395,3860,,,,,,,,,4407
INDUSINDBK,PUT VOL,3940,4151,,,,,,,,,186
INDUSINDBK,PUT OI,5650,5626,,,,,,,,,5648
INDUSTOWER,PRICE,372.0,373.7,,,,372.0,372.45,372.15,379.07,377.56,376.0
INDUSTOWER,VWAP,,,,,,,,,,,375.58
INDUSTOWER,CASH VOL,4491149,1765333,1567061,61.36,54.49,,,,,,455993
INDUSTOWER,F&O VOL,10356,9624,,,,,,,,,2160
INDUSTOWER,F&O OI,77563,77737,,,,,,,,,77393
INDUSTOWER,CALL VOL,5263,4190,,,,,,,,,1116
INDUSTOWER,CALL OI,6021,5529,,,,,,,,,5887
INDUSTOWER,PUT VOL,1261,859,,,,,,,,,101
INDUSTOWER,PUT OI,3109,3082,,,,,,,,,3111
INFY,PRICE,1036.5,1035.0,,,,1032.0,1036.95,1036.65,1137.3,1132.43,1042.0
INFY,VWAP,,,,,,,,,,,1040.57
INFY,CASH VOL,8998529,13530457,1909603,58.35,59.45,,,,,,612228
INFY,F&O VOL,174938,317642,,,,,,,,,15651
INFY,F&O OI,379158,371173,,,,,,,,,378348
INFY,CALL VOL,88973,127027,,,,,,,,,10928
INFY,CALL OI,55887,52311,,,,,,,,,54600
INFY,PUT VOL,48436,100684,,,,,,,,,5222
INFY,PUT OI,41621,40032,,,,,,,,,42157
INOXWIND,PRICE,76.02,77.39,,,,75.5,76.83,76.29,73.68,72.25,74.0
INOXWIND,VWAP,,,,,,,,,,,74.96
INOXWIND,CASH VOL,9773988,18491767,2009578,34.45,43.8,,,,,,434501
INOXWIND,F&O VOL,425,1638,,,,,,,,,20
INOXWIND,F&O OI,28684,28973,,,,,,,,,28683
INOXWIND,CALL VOL,103,461,,,,,,,,,3
INOXWIND,CALL OI,5447,5508,,,,,,,,,5446
INOXWIND,PUT VOL,62,342,,,,,,,,,1
INOXWIND,PUT OI,3034,3079,,,,,,,,,3034
IOC,PRICE,134.94,135.6,,,,134.0,135.23,135.04,137.11,136.12,133.0
IOC,VWAP,,,,,,,,,,,133.92
IOC,CASH VOL,6629384,5297849,2066406,55.12,46.37,,,,,,1070718
IOC,F&O VOL,8300,10625,,,,,,,,,1101
IOC,F&O OI,45635,45554,,,,,,,,,45817
IOC,CALL VOL,2779,4123,,,,,,,,,352
IOC,CALL OI,5888,5722,,,,,,,,,5929
IOC,PUT VOL,3381,3912,,,,,,,,,445
IOC,PUT OI,5239,5245,,,,,,,,,5242
IREDA,PRICE,113.32,111.99,,,,112.27,113.31,113.29,113.95,113.74,111.0
IREDA,VWAP,,,,,,,,,,,111.93
IREDA,CASH VOL,5082162,2500536,852386,27.45,36.46,,,,,,314293
IREDA,F&O VOL,14504,4695,,,,,,,,,346
IREDA,F&O OI,41791,43385,,,,,,,,,41729
IREDA,CALL VOL,8943,2435,,,,,,,,,196
IREDA,CALL OI,8658,9539,,,,,,,,,8652
IREDA,PUT VOL,2596,599,,,,,,,,,79
IREDA,PUT OI,4902,4988,,,,,,,,,4865
IRFC,PRICE,81.08,81.39,,,,80.95,81.72,81.29,83.14,82.62,80.0
IRFC,VWAP,,,,,,,,,,,80.51
IRFC,CASH VOL,8521418,6686837,1731585,39.38,41.64,,,,,,652608
IRFC,F&O VOL,7966,7775,,,,,,,,,381
IRFC,F&O OI,39131,38274,,,,,,,,,39186
IRFC,CALL VOL,3345,2853,,,,,,,,,206
IRFC,CALL OI,3581,3222,,,,,,,,,3637
IRFC,PUT VOL,1053,1504,,,,,,,,,75
IRFC,PUT OI,4098,3952,,,,,,,,,4101
ITC,PRICE,259.3,260.8,,,,258.0,261.5,260.03,265.25,264.48,259.0
ITC,VWAP,,,,,,,,,,,259.42
ITC,CASH VOL,17541602,10065188,3179613,59.14,59.27,,,,,,551380
ITC,F&O VOL,71584,59396,,,,,,,,,3559
ITC,F&O OI,206181,201578,,,,,,,,,206209
ITC,CALL VOL,33520,26198,,,,,,,,,1637
ITC,CALL OI,27248,24070,,,,,,,,,27224
ITC,PUT VOL,20180,15827,,,,,,,,,878
ITC,PUT OI,22399,21235,,,,,,,,,22329
JINDALSTEL,PRICE,1137.0,1146.5,,,,1111.0,1141.35,1138.45,1161.73,1155.2,1101.0
JINDALSTEL,VWAP,,,,,,,,,,,1106.2
JINDALSTEL,CASH VOL,554299,590734,202531,55.92,37.47,,,,,,64831
JINDALSTEL,F&O VOL,6824,9734,,,,,,,,,1775
JINDALSTEL,F&O OI,39101,38736,,,,,,,,,39029
JINDALSTEL,CALL VOL,2616,4713,,,,,,,,,742
JINDALSTEL,CALL OI,4238,3972,,,,,,,,,4237
JINDALSTEL,PUT VOL,1370,2114,,,,,,,,,772
JINDALSTEL,PUT OI,6101,6068,,,,,,,,,6001
JIOFIN,PRICE,230.25,231.0,,,,228.7,230.69,230.39,238.49,236.47,227.0
JIOFIN,VWAP,,,,,,,,,,,227.44
JIOFIN,CASH VOL,8980169,10774282,2634729,51.45,53.07,,,,,,1161314
JIOFIN,F&O VOL,34368,35148,,,,,,,,,3797
JIOFIN,F&O OI,179180,178951,,,,,,,,,179242
JIOFIN,CALL VOL,11520,11776,,,,,,,,,2050
JIOFIN,CALL OI,15807,14661,,,,,,,,,15755
JIOFIN,PUT VOL,6487,6968,,,,,,,,,805
JIOFIN,PUT OI,16553,16127,,,,,,,,,16596
JSWENERGY,PRICE,530.45,534.8,,,,527.0,530.77,530.56,536.1,528.6,525.0
JSWENERGY,VWAP,,,,,,,,,,,525.28
JSWENERGY,CASH VOL,973912,2167753,510005,58.56,34.09,,,,,,50440
JSWENERGY,F&O VOL,6546,22189,,,,,,,,,250
JSWENERGY,F&O OI,35697,35678,,,,,,,,,35730
JSWENERGY,CALL VOL,3944,13179,,,,,,,,,187
JSWENERGY,CALL OI,4703,4506,,,,,,,,,4733
JSWENERGY,PUT VOL,1107,4257,,,,,,,,,16
JSWENERGY,PUT OI,2647,2597,,,,,,,,,2641
JSWSTEEL,PRICE,1304.0,1310.0,,,,1281.0,1303.33,1302.0,1321.12,1313.35,1272.0
JSWSTEEL,VWAP,,,,,,,,,,,1277.67
JSWSTEEL,CASH VOL,1102536,1484708,382352,59.54,54.27,,,,,,93763
JSWSTEEL,F&O VOL,13159,18449,,,,,,,,,1842
JSWSTEEL,F&O OI,79824,80719,,,,,,,,,79782
JSWSTEEL,CALL VOL,5548,9007,,,,,,,,,994
JSWSTEEL,CALL OI,7600,7366,,,,,,,,,7618
JSWSTEEL,PUT VOL,2865,4902,,,,,,,,,669
JSWSTEEL,PUT OI,7895,8063,,,,,,,,,7875
JUBLFOOD,PRICE,473.8,475.95,,,,470.6,474.42,474.01,484.73,483.38,467.0
JUBLFOOD,VWAP,,,,,,,,,,,468.47
JUBLFOOD,CASH VOL,962855,712724,81809,34.11,44.9,,,,,,39145
JUBLFOOD,F&O VOL,7037,3950,,,,,,,,,165
JUBLFOOD,F&O OI,29547,29438,,,,,,,,,29559
JUBLFOOD,CALL VOL,2616,1301,,,,,,,,,53
JUBLFOOD,CALL OI,971,888,,,,,,,,,965
JUBLFOOD,PUT VOL,1740,677,,,,,,,,,39
JUBLFOOD,PUT OI,1633,1647,,,,,,,,,1632
KALYANKJIL,PRICE,615.2,607.6,,,,609.5,614.11,611.92,594.38,585.55,598.0
KALYANKJIL,VWAP,,,,,,,,,,,599.78
KALYANKJIL,CASH VOL,6066311,7297816,2114318,23.49,30.36,,,,,,611277
KALYANKJIL,F&O VOL,33160,42911,,,,,,,,,3993
KALYANKJIL,F&O OI,56585,56656,,,,,,,,,56276
KALYANKJIL,CALL VOL,10945,12623,,,,,,,,,1214
KALYANKJIL,CALL OI,10419,10546,,,,,,,,,10516
KALYANKJIL,PUT VOL,7760,9313,,,,,,,,,1653
KALYANKJIL,PUT OI,7605,7486,,,,,,,,,7323
KAYNES,PRICE,3499.0,3615.0,,,,3475.0,3556.25,3518.08,3588.97,3570.9,3465.0
KAYNES,VWAP,,,,,,,,,,,3465.17
KAYNES,CASH VOL,848357,446465,243610,38.0,34.24,,,,,,38889
KAYNES,F&O VOL,1070,1268,,,,,,,,,7
KAYNES,F&O OI,53562,54258,,,,,,,,,53560
KAYNES,CALL VOL,85,104,,,,,,,,,3
KAYNES,CALL OI,3609,3639,,,,,,,,,3609
KAYNES,PUT VOL,39,137,,,,,,,,,0
KAYNES,PUT OI,5969,5990,,,,,,,,,5969
KEI,PRICE,4640.0,4669.5,,,,4599.0,4637.67,4633.0,5214.25,4971.42,4510.0
KEI,VWAP,,,,,,,,,,,4518.83
KEI,CASH VOL,999943,773204,176597,57.49,53.15,,,,,,69694
KEI,F&O VOL,28937,36814,,,,,,,,,3147
KEI,F&O OI,50896,50095,,,,,,,,,51419
KEI,CALL VOL,10753,13413,,,,,,,,,2076
KEI,CALL OI,9718,9068,,,,,,,,,10166
KEI,PUT VOL,7494,12252,,,,,,,,,1346
KEI,PUT OI,8934,9006,,,,,,,,,9118
KFINTECH,PRICE,899.0,908.0,,,,893.0,904.4,900.8,936.48,931.42,889.0
KFINTECH,VWAP,,,,,,,,,,,891.37
KFINTECH,CASH VOL,312327,539427,84609,37.24,41.54,,,,,,25092
KFINTECH,F&O VOL,3953,7110,,,,,,,,,178
KFINTECH,F&O OI,19810,19773,,,,,,,,,19803
KFINTECH,CALL VOL,1747,2784,,,,,,,,,141
KFINTECH,CALL OI,3417,3382,,,,,,,,,3403
KFINTECH,PUT VOL,654,1412,,,,,,,,,70
KFINTECH,PUT OI,2752,2748,,,,,,,,,2764
KOTAKBANK,PRICE,416.55,414.0,,,,412.6,415.93,414.68,424.34,424.02,410.0
KOTAKBANK,VWAP,,,,,,,,,,,410.6
KOTAKBANK,CASH VOL,7755254,10886349,2186834,64.45,67.89,,,,,,681428
KOTAKBANK,F&O VOL,22333,50841,,,,,,,,,3905
KOTAKBANK,F&O OI,151933,152170,,,,,,,,,151381
KOTAKBANK,CALL VOL,8829,18685,,,,,,,,,1934
KOTAKBANK,CALL OI,27514,27347,,,,,,,,,27800
KOTAKBANK,PUT VOL,7903,18961,,,,,,,,,1989
KOTAKBANK,PUT OI,17043,17199,,,,,,,,,16462
KPITTECH,PRICE,550.95,553.1,,,,550.9,554.12,552.01,584.65,578.52,548.0
KPITTECH,VWAP,,,,,,,,,,,548.4
KPITTECH,CASH VOL,1114138,1160555,290575,34.96,45.95,,,,,,79283
KPITTECH,F&O VOL,6507,7440,,,,,,,,,239
KPITTECH,F&O OI,29480,29078,,,,,,,,,29451
KPITTECH,CALL VOL,3329,3143,,,,,,,,,160
KPITTECH,CALL OI,5333,4901,,,,,,,,,5349
KPITTECH,PUT VOL,1267,1523,,,,,,,,,57
KPITTECH,PUT OI,3984,3857,,,,,,,,,3990
LAURUSLABS,PRICE,1945.0,1937.0,,,,1943.0,1941.9,1935.7,1853.35,1844.45,1929.0
LAURUSLABS,VWAP,,,,,,,,,,,1931.8
LAURUSLABS,CASH VOL,1067622,1822218,295491,40.59,52.36,,,,,,83011
LAURUSLABS,F&O VOL,20302,30030,,,,,,,,,1405
LAURUSLABS,F&O OI,45551,44812,,,,,,,,,45586
LAURUSLABS,CALL VOL,9621,12499,,,,,,,,,741
LAURUSLABS,CALL OI,10015,9644,,,,,,,,,10133
LAURUSLABS,PUT VOL,5039,8871,,,,,,,,,521
LAURUSLABS,PUT OI,5319,5236,,,,,,,,,5268
LICHSGFIN,PRICE,552.3,555.0,,,,546.0,551.83,550.9,558.81,552.33,552.0
LICHSGFIN,VWAP,,,,,,,,,,,552.92
LICHSGFIN,CASH VOL,2842584,2616014,830246,51.68,48.18,,,,,,478732
LICHSGFIN,F&O VOL,443,404,,,,,,,,,897
LICHSGFIN,F&O OI,51159,51397,,,,,,,,,51338
LICHSGFIN,CALL VOL,12,49,,,,,,,,,497
LICHSGFIN,CALL OI,6578,6578,,,,,,,,,6599
LICHSGFIN,PUT VOL,12,33,,,,,,,,,83
LICHSGFIN,PUT OI,5753,5765,,,,,,,,,5750
LICI,PRICE,405.6,407.5,,,,402.0,405.4,405.0,414.58,413.05,401.0
LICI,VWAP,,,,,,,,,,,402.05
LICI,CASH VOL,7670673,5491468,1529575,57.62,61.96,,,,,,189989
LICI,F&O VOL,13215,14943,,,,,,,,,501
LICI,F&O OI,61130,61206,,,,,,,,,61107
LICI,CALL VOL,4968,5689,,,,,,,,,152
LICI,CALL OI,6947,6849,,,,,,,,,6959
LICI,PUT VOL,3851,3410,,,,,,,,,178
LICI,PUT OI,8738,8859,,,,,,,,,8699
LODHA,PRICE,1163.4,1166.0,,,,1145.7,1161.08,1156.45,1216.47,1205.4,1124.0
LODHA,VWAP,,,,,,,,,,,1125.07
LODHA,CASH VOL,2078548,1560777,530305,56.7,54.31,,,,,,156688
LODHA,F&O VOL,28436,19245,,,,,,,,,2229
LODHA,F&O OI,32697,29121,,,,,,,,,32807
LODHA,CALL VOL,5655,3632,,,,,,,,,853
LODHA,CALL OI,2303,1857,,,,,,,,,2357
LODHA,PUT VOL,13910,6281,,,,,,,,,1098
LODHA,PUT OI,7329,4179,,,,,,,,,7368
LT,PRICE,3955.0,3922.6,,,,3926.0,3949.25,3937.75,3997.35,3975.18,3896.0
LT,VWAP,,,,,,,,,,,3901.3
LT,CASH VOL,1376951,2954721,251171,49.71,70.35,,,,,,65216
LT,F&O VOL,46340,78770,,,,,,,,,3529
LT,F&O OI,134635,134339,,,,,,,,,134720
LT,CALL VOL,23047,39082,,,,,,,,,2076
LT,CALL OI,28692,28486,,,,,,,,,28795
LT,PUT VOL,14751,23124,,,,,,,,,1329
LT,PUT OI,15880,15591,,,,,,,,,15730
LTF,PRICE,311.3,310.4,,,,307.15,310.48,308.85,313.2,311.6,304.0
LTF,VWAP,,,,,,,,,,,305.1
LTF,CASH VOL,4503846,2989428,2074300,62.13,44.78,,,,,,187601
LTF,F&O VOL,7865,10845,,,,,,,,,706
LTF,F&O OI,37705,37822,,,,,,,,,37752
LTF,CALL VOL,3363,4260,,,,,,,,,291
LTF,CALL OI,5241,5158,,,,,,,,,5289
LTF,PUT VOL,1979,2861,,,,,,,,,346
LTF,PUT OI,7328,7291,,,,,,,,,7338
LTM,PRICE,4374.0,4412.0,,,,4300.0,4372.85,4370.55,4572.65,4560.22,4337.0
LTM,VWAP,,,,,,,,,,,4342.43
LTM,CASH VOL,402440,1051263,145134,35.73,52.65,,,,,,23567
LTM,F&O VOL,23108,35621,,,,,,,,,996
LTM,F&O OI,47891,45172,,,,,,,,,47992
LTM,CALL VOL,11049,10812,,,,,,,,,570
LTM,CALL OI,5179,4299,,,,,,,,,5199
LTM,PUT VOL,3973,8408,,,,,,,,,347
LTM,PUT OI,3265,3094,,,,,,,,,3303
LUPIN,PRICE,2077.8,2100.0,,,,2064.0,2079.25,2078.28,2145.4,2121.8,2072.0
LUPIN,VWAP,,,,,,,,,,,2071.07
LUPIN,CASH VOL,624838,596996,193390,57.22,53.98,,,,,,22601
LUPIN,F&O VOL,15543,9912,,,,,,,,,204
LUPIN,F&O OI,37712,38284,,,,,,,,,37722
LUPIN,CALL VOL,5166,4876,,,,,,,,,85
LUPIN,CALL OI,3227,3264,,,,,,,,,3230
LUPIN,PUT VOL,5304,1601,,,,,,,,,16
LUPIN,PUT OI,4833,4475,,,,,,,,,4832
M&M,PRICE,3123.8,3150.0,,,,3110.0,3123.3,3122.3,3255.25,3198.42,3077.0
M&M,VWAP,,,,,,,,,,,3080.37
M&M,CASH VOL,2140618,1050769,529879,58.34,63.74,,,,,,121096
M&M,F&O VOL,61101,37138,,,,,,,,,4249
M&M,F&O OI,123946,123922,,,,,,,,,124040
M&M,CALL VOL,23377,13249,,,,,,,,,1825
M&M,CALL OI,12542,11408,,,,,,,,,12678
M&M,PUT VOL,22193,10860,,,,,,,,,1698
M&M,PUT OI,13039,12997,,,,,,,,,12976
MANAPPURAM,PRICE,330.8,320.0,,,,324.75,329.43,326.68,339.26,338.38,327.0
MANAPPURAM,VWAP,,,,,,,,,,,326.7
MANAPPURAM,CASH VOL,6953151,6844403,2368492,49.41,35.86,,,,,,312662
MANAPPURAM,F&O VOL,1507,2380,,,,,,,,,15
MANAPPURAM,F&O OI,36114,37170,,,,,,,,,36114
MANAPPURAM,CALL VOL,455,767,,,,,,,,,8
MANAPPURAM,CALL OI,4252,4521,,,,,,,,,4252
MANAPPURAM,PUT VOL,257,531,,,,,,,,,0
MANAPPURAM,PUT OI,3029,3145,,,,,,,,,3029
MANKIND,PRICE,2238.4,2265.0,,,,2237.2,2255.8,2244.2,2354.25,2336.68,2234.0
MANKIND,VWAP,,,,,,,,,,,2231.23
MANKIND,CASH VOL,180515,266219,54452,56.51,58.69,,,,,,6272
MANKIND,F&O VOL,6883,5998,,,,,,,,,111
MANKIND,F&O OI,18903,18559,,,,,,,,,18902
MANKIND,CALL VOL,908,1003,,,,,,,,,29
MANKIND,CALL OI,634,531,,,,,,,,,631
MANKIND,PUT VOL,2970,1339,,,,,,,,,34
MANKIND,PUT OI,2291,1505,,,,,,,,,2300
MARICO,PRICE,803.0,813.9,,,,797.0,806.72,804.24,827.08,819.12,802.0
MARICO,VWAP,,,,,,,,,,,800.0
MARICO,CASH VOL,2060230,2389739,448303,70.15,78.39,,,,,,86496
MARICO,F&O VOL,7103,5757,,,,,,,,,204
MARICO,F&O OI,23481,22514,,,,,,,,,23498
MARICO,CALL VOL,3289,2422,,,,,,,,,146
MARICO,CALL OI,2579,2111,,,,,,,,,2570
MARICO,PUT VOL,1944,1723,,,,,,,,,27
MARICO,PUT OI,2888,2721,,,,,,,,,2892
MARUTI,PRICE,12590.0,12618.0,,,,12520.0,12605.0,12595.0,13090.0,12826.0,12464.0
MARUTI,VWAP,,,,,,,,,,,12469.0
MARUTI,CASH VOL,338613,534832,98255,43.96,65.95,,,,,,16173
MARUTI,F&O VOL,98935,87287,,,,,,,,,6653
MARUTI,F&O OI,157703,155412,,,,,,,,,157923
MARUTI,CALL VOL,24763,21600,,,,,,,,,2352
MARUTI,CALL OI,12768,10810,,,,,,,,,13016
MARUTI,PUT VOL,27658,23701,,,,,,,,,1728
MARUTI,PUT OI,16137,16033,,,,,,,,,16096
MAXHEALTH,PRICE,1038.6,1037.5,,,,1028.2,1037.32,1034.75,1001.55,990.38,1033.0
MAXHEALTH,VWAP,,,,,,,,,,,1033.97
MAXHEALTH,CASH VOL,2579310,4591285,818168,63.4,39.85,,,,,,193546
MAXHEALTH,F&O VOL,14318,79737,,,,,,,,,1881
MAXHEALTH,F&O OI,32820,33901,,,,,,,,,32710
MAXHEALTH,CALL VOL,5958,45959,,,,,,,,,951
MAXHEALTH,CALL OI,4390,4238,,,,,,,,,4372
MAXHEALTH,PUT VOL,4165,17644,,,,,,,,,605
MAXHEALTH,PUT OI,3083,3317,,,,,,,,,3087
MAZDOCK,PRICE,2383.2,2408.8,,,,2367.6,2395.6,2387.33,2488.75,2479.58,2330.0
MAZDOCK,VWAP,,,,,,,,,,,2341.77
MAZDOCK,CASH VOL,395925,563605,100212,38.64,35.19,,,,,,45901
MAZDOCK,F&O VOL,23331,17817,,,,,,,,,996
MAZDOCK,F&O OI,48039,47061,,,,,,,,,48126
MAZDOCK,CALL VOL,7578,8043,,,,,,,,,538
MAZDOCK,CALL OI,8653,8313,,,,,,,,,8714
MAZDOCK,PUT VOL,8535,4217,,,,,,,,,251
MAZDOCK,PUT OI,7692,6727,,,,,,,,,7696
MCX,PRICE,3300.0,3350.0,,,,3326.0,3310.25,3303.42,3272.7,3267.3,3314.0
MCX,VWAP,,,,,,,,,,,3333.33
MCX,CASH VOL,1308638,2174879,319635,48.27,42.29,,,,,,208975
MCX,F&O VOL,44774,92148,,,,,,,,,9482
MCX,F&O OI,78887,76368,,,,,,,,,79573
MCX,CALL VOL,21074,43713,,,,,,,,,5328
MCX,CALL OI,19992,18872,,,,,,,,,19954
MCX,PUT VOL,13284,24163,,,,,,,,,2238
MCX,PUT OI,12850,12368,,,,,,,,,13044
MFSL,PRICE,1479.9,1468.5,,,,1468.0,1475.88,1467.85,1542.77,1531.5,1464.0
MFSL,VWAP,,,,,,,,,,,1465.0
MFSL,CASH VOL,258122,802373,61766,52.0,59.27,,,,,,7380
MFSL,F&O VOL,4865,9383,,,,,,,,,43
MFSL,F&O OI,22739,23074,,,,,,,,,22749
MFSL,CALL VOL,1341,3038,,,,,,,,,8
MFSL,CALL OI,1180,1237,,,,,,,,,1180
MFSL,PUT VOL,807,2914,,,,,,,,,6
MFSL,PUT OI,1323,1286,,,,,,,,,1323
MOTHERSON,PRICE,163.2,163.7,,,,161.44,163.51,163.31,164.96,162.12,162.0
MOTHERSON,VWAP,,,,,,,,,,,161.64
MOTHERSON,CASH VOL,5599332,6002467,2357108,61.2,55.9,,,,,,872851
MOTHERSON,F&O VOL,4166,5493,,,,,,,,,416
MOTHERSON,F&O OI,35191,35247,,,,,,,,,35209
MOTHERSON,CALL VOL,1685,2344,,,,,,,,,130
MOTHERSON,CALL OI,3946,3954,,,,,,,,,3950
MOTHERSON,PUT VOL,1133,1400,,,,,,,,,154
MOTHERSON,PUT OI,5166,5040,,,,,,,,,5170
MOTILALOFS,PRICE,1015.0,1025.0,,,,1003.3,1016.45,1015.48,1031.52,1020.55,995.0
MOTILALOFS,VWAP,,,,,,,,,,,997.6
MOTILALOFS,CASH VOL,338388,489071,70384,37.72,40.82,,,,,,35996
MOTILALOFS,F&O VOL,3656,7106,,,,,,,,,310
MOTILALOFS,F&O OI,12986,12854,,,,,,,,,13027
MOTILALOFS,CALL VOL,1622,3050,,,,,,,,,192
MOTILALOFS,CALL OI,3095,2948,,,,,,,,,3129
MOTILALOFS,PUT VOL,1115,2051,,,,,,,,,119
MOTILALOFS,PUT OI,1960,1953,,,,,,,,,1979
MPHASIS,PRICE,2291.7,2307.5,,,,2275.0,2309.6,2297.67,2465.05,2436.35,2297.0
MPHASIS,VWAP,,,,,,,,,,,2295.2
MPHASIS,CASH VOL,454003,288892,57908,65.53,43.83,,,,,,12014
MPHASIS,F&O VOL,5715,8179,,,,,,,,,269
MPHASIS,F&O OI,25692,24872,,,,,,,,,25720
MPHASIS,CALL VOL,2525,2834,,,,,,,,,153
MPHASIS,CALL OI,2751,2535,,,,,,,,,2762
MPHASIS,PUT VOL,1118,2297,,,,,,,,,66
MPHASIS,PUT OI,2354,2265,,,,,,,,,2358
MUTHOOTFIN,PRICE,2841.5,2815.0,,,,2790.0,2837.88,2830.65,2924.6,2917.4,2752.0
MUTHOOTFIN,VWAP,,,,,,,,,,,2766.3
MUTHOOTFIN,CASH VOL,408226,1027017,84148,42.71,51.32,,,,,,106407
MUTHOOTFIN,F&O VOL,18691,37728,,,,,,,,,4046
MUTHOOTFIN,F&O OI,62772,61813,,,,,,,,,63428
MUTHOOTFIN,CALL VOL,7835,13264,,,,,,,,,1724
MUTHOOTFIN,CALL OI,6986,6807,,,,,,,,,7390
MUTHOOTFIN,PUT VOL,5019,11679,,,,,,,,,1480
MUTHOOTFIN,PUT OI,7441,7145,,,,,,,,,7655
NAM-INDIA,PRICE,1185.0,1164.8,,,,1169.0,1179.78,1169.35,1178.2,1166.0,1166.0
NAM-INDIA,VWAP,,,,,,,,,,,1166.07
NAM-INDIA,CASH VOL,1085689,588058,236781,50.75,54.33,,,,,,64992
NAM-INDIA,F&O VOL,5889,4687,,,,,,,,,140
NAM-INDIA,F&O OI,18248,18417,,,,,,,,,18253
NAM-INDIA,CALL VOL,1496,1486,,,,,,,,,52
NAM-INDIA,CALL OI,1446,1475,,,,,,,,,1445
NAM-INDIA,PUT VOL,888,990,,,,,,,,,5
NAM-INDIA,PUT OI,1871,1850,,,,,,,,,1871
NATIONALUM,PRICE,373.35,377.6,,,,365.0,377.02,374.58,375.62,374.61,354.0
NATIONALUM,VWAP,,,,,,,,,,,357.22
NATIONALUM,CASH VOL,3376100,9139475,912918,44.11,39.08,,,,,,1131448
NATIONALUM,F&O VOL,20767,50350,,,,,,,,,7080
NATIONALUM,F&O OI,47364,46876,,,,,,,,,48719
NATIONALUM,CALL VOL,10480,26793,,,,,,,,,2783
NATIONALUM,CALL OI,8964,8324,,,,,,,,,9289
NATIONALUM,PUT VOL,6369,13623,,,,,,,,,3580
NATIONALUM,PUT OI,8177,8317,,,,,,,,,9129
NAUKRI,PRICE,1265.0,1267.0,,,,1250.0,1264.13,1262.4,1342.4,1327.33,1254.0
NAUKRI,VWAP,,,,,,,,,,,1251.27
NAUKRI,CASH VOL,981803,1281379,200716,58.75,58.67,,,,,,38702
NAUKRI,F&O VOL,9087,12610,,,,,,,,,304
NAUKRI,F&O OI,33343,32462,,,,,,,,,33357
NAUKRI,CALL VOL,3483,4784,,,,,,,,,114
NAUKRI,CALL OI,2714,2497,,,,,,,,,2706
NAUKRI,PUT VOL,2399,4085,,,,,,,,,102
NAUKRI,PUT OI,2311,2199,,,,,,,,,2304
NBCC,PRICE,83.94,83.6,,,,82.88,83.95,83.94,86.26,85.59,82.0
NBCC,VWAP,,,,,,,,,,,82.56
NBCC,CASH VOL,4868776,5699936,1696194,34.85,45.06,,,,,,622321
NBCC,F&O VOL,3131,3812,,,,,,,,,155
NBCC,F&O OI,24083,24245,,,,,,,,,24105
NBCC,CALL VOL,2087,1844,,,,,,,,,79
NBCC,CALL OI,4875,4906,,,,,,,,,4880
NBCC,PUT VOL,402,714,,,,,,,,,20
NBCC,PUT OI,1952,2002,,,,,,,,,1948
NESTLEIND,PRICE,1386.2,1393.0,,,,1376.7,1390.25,1387.55,1458.65,1426.55,1383.0
NESTLEIND,VWAP,,,,,,,,,,,1380.2
NESTLEIND,CASH VOL,568997,994121,223528,67.23,66.53,,,,,,61202
NESTLEIND,F&O VOL,6086,5486,,,,,,,,,214
NESTLEIND,F&O OI,28939,28790,,,,,,,,,28948
NESTLEIND,CALL VOL,1610,1371,,,,,,,,,60
NESTLEIND,CALL OI,1161,952,,,,,,,,,1181
NESTLEIND,PUT VOL,1068,1111,,,,,,,,,34
NESTLEIND,PUT OI,2194,2230,,,,,,,,,2195
NHPC,PRICE,76.35,76.69,,,,75.91,76.39,76.36,76.22,76.15,76.0
NHPC,VWAP,,,,,,,,,,,76.28
NHPC,CASH VOL,9030454,17730521,1808180,53.65,43.95,,,,,,473478
NHPC,F&O VOL,4094,16597,,,,,,,,,231
NHPC,F&O OI,30690,29890,,,,,,,,,30672
NHPC,CALL VOL,1655,6726,,,,,,,,,103
NHPC,CALL OI,3329,3210,,,,,,,,,3332
NHPC,PUT VOL,815,3802,,,,,,,,,69
NHPC,PUT OI,4002,3846,,,,,,,,,3989
NMDC,PRICE,84.6,85.8,,,,83.79,85.15,84.78,85.8,85.07,82.0
NMDC,VWAP,,,,,,,,,,,82.94
NMDC,CASH VOL,9878920,14151248,2249406,54.9,51.97,,,,,,1384693
NMDC,F&O VOL,7152,12508,,,,,,,,,1012
NMDC,F&O OI,72927,72182,,,,,,,,,72930
NMDC,CALL VOL,2940,5090,,,,,,,,,488
NMDC,CALL OI,4926,4464,,,,,,,,,4963
NMDC,PUT VOL,1208,2190,,,,,,,,,243
NMDC,PUT OI,4192,4291,,,,,,,,,4195
NTPC,PRICE,335.0,334.5,,,,333.0,334.8,334.4,330.84,327.52,333.0
NTPC,VWAP,,,,,,,,,,,333.55
NTPC,CASH VOL,6905905,11795145,2161932,70.15,60.59,,,,,,96829
NTPC,F&O VOL,19270,45396,,,,,,,,,529
NTPC,F&O OI,118418,120170,,,,,,,,,118424
NTPC,CALL VOL,10461,25820,,,,,,,,,309
NTPC,CALL OI,21868,21768,,,,,,,,,21864
NTPC,PUT VOL,5229,13598,,,,,,,,,124
NTPC,PUT OI,8143,8298,,,,,,,,,8150
NYKAA,PRICE,341.95,343.0,,,,341.15,342.25,342.05,338.45,334.48,340.0
NYKAA,VWAP,,,,,,,,,,,340.82
NYKAA,CASH VOL,3136550,4010750,1167611,56.13,54.64,,,,,,91484
NYKAA,F&O VOL,5870,5894,,,,,,,,,174
NYKAA,F&O OI,15042,15370,,,,,,,,,15033
NYKAA,CALL VOL,2776,2947,,,,,,,,,87
NYKAA,CALL OI,2363,2348,,,,,,,,,2358
NYKAA,PUT VOL,1306,1601,,,,,,,,,69
NYKAA,PUT OI,1475,1392,,,,,,,,,1478
OBEROIRLTY,PRICE,1792.0,1800.0,,,,1775.7,1791.98,1791.95,1880.85,1877.35,1749.0
OBEROIRLTY,VWAP,,,,,,,,,,,1753.7
OBEROIRLTY,CASH VOL,233031,222585,80786,51.09,44.22,,,,,,15122
OBEROIRLTY,F&O VOL,6390,9438,,,,,,,,,297
OBEROIRLTY,F&O OI,26617,26678,,,,,,,,,26669
OBEROIRLTY,CALL VOL,797,860,,,,,,,,,84
OBEROIRLTY,CALL OI,664,2466,,,,,,,,,664
OBEROIRLTY,PUT VOL,2199,3079,,,,,,,,,104
OBEROIRLTY,PUT OI,2960,4015,,,,,,,,,2952
OFSS,PRICE,11725.0,11630.0,,,,11599.0,11723.5,11720.5,12152.0,12089.33,11795.0
OFSS,VWAP,,,,,,,,,,,11772.0
OFSS,CASH VOL,167438,156426,45385,50.0,49.76,,,,,,27686
OFSS,F&O VOL,15960,13167,,,,,,,,,2816
OFSS,F&O OI,29162,27878,,,,,,,,,29356
OFSS,CALL VOL,6978,4375,,,,,,,,,1592
OFSS,CALL OI,5464,4953,,,,,,,,,5683
OFSS,PUT VOL,2558,2657,,,,,,,,,856
OFSS,PUT OI,3820,3449,,,,,,,,,4053
OIL,PRICE,500.3,498.95,,,,508.0,506.1,502.23,491.9,489.5,505.0
OIL,VWAP,,,,,,,,,,,507.72
OIL,CASH VOL,4397946,2471923,908838,31.51,41.79,,,,,,536094
OIL,F&O VOL,37947,15104,,,,,,,,,3543
OIL,F&O OI,17833,15773,,,,,,,,,18402
OIL,CALL VOL,22529,9220,,,,,,,,,3465
OIL,CALL OI,3614,2525,,,,,,,,,4176
OIL,PUT VOL,6646,2166,,,,,,,,,426
OIL,PUT OI,1395,845,,,,,,,,,1490
ONGC,PRICE,237.27,234.02,,,,239.9,237.7,237.41,235.86,235.05,239.0
ONGC,VWAP,,,,,,,,,,,240.16
ONGC,CASH VOL,12771340,12781171,3171067,47.73,61.68,,,,,,3714500
ONGC,F&O VOL,86769,62185,,,,,,,,,16101
ONGC,F&O OI,66610,65427,,,,,,,,,66844
ONGC,CALL VOL,59459,39972,,,,,,,,,15400
ONGC,CALL OI,24169,22769,,,,,,,,,23317
ONGC,PUT VOL,17402,12148,,,,,,,,,3545
ONGC,PUT OI,5482,5416,,,,,,,,,6304
PAGEIND,PRICE,35750.0,35395.0,,,,35405.0,35643.33,35430.0,36131.67,35795.0,35330.0
PAGEIND,VWAP,,,,,,,,,,,35305.0
PAGEIND,CASH VOL,15704,15250,6733,40.69,45.97,,,,,,480
PAGEIND,F&O VOL,7550,7200,,,,,,,,,121
PAGEIND,F&O OI,18895,18961,,,,,,,,,18888
PAGEIND,CALL VOL,3298,2792,,,,,,,,,85
PAGEIND,CALL OI,2398,2399,,,,,,,,,2384
PAGEIND,PUT VOL,1053,1066,,,,,,,,,12
PAGEIND,PUT OI,1809,1800,,,,,,,,,1810
PATANJALI,PRICE,339.75,341.0,,,,338.0,339.88,339.79,343.52,342.84,337.0
PATANJALI,VWAP,,,,,,,,,,,338.08
PATANJALI,CASH VOL,1115935,967972,665946,43.38,49.33,,,,,,48562
PATANJALI,F&O VOL,3474,2221,,,,,,,,,70
PATANJALI,F&O OI,42802,42603,,,,,,,,,42813
PATANJALI,CALL VOL,1163,941,,,,,,,,,26
PATANJALI,CALL OI,4346,4351,,,,,,,,,4347
PATANJALI,PUT VOL,604,211,,,,,,,,,3
PATANJALI,PUT OI,3141,3231,,,,,,,,,3141
PAYTM,PRICE,1739.0,1751.5,,,,1745.0,1738.85,1738.55,1655.13,1646.4,1749.0
PAYTM,VWAP,,,,,,,,,,,1747.27
PAYTM,CASH VOL,1479094,8247684,351933,32.63,44.33,,,,,,439057
PAYTM,F&O VOL,41762,151479,,,,,,,,,10473
PAYTM,F&O OI,60486,61197,,,,,,,,,61190
PAYTM,CALL VOL,16531,74496,,,,,,,,,5166
PAYTM,CALL OI,15929,15133,,,,,,,,,16047
PAYTM,PUT VOL,10600,30054,,,,,,,,,2216
PAYTM,PUT OI,7427,7749,,,,,,,,,7604
PERSISTENT,PRICE,5509.5,5419.0,,,,5469.0,5494.75,5465.25,5676.75,5654.25,5476.0
PERSISTENT,VWAP,,,,,,,,,,,5492.33
PERSISTENT,CASH VOL,516940,599190,80379,29.32,36.7,,,,,,22851
PERSISTENT,F&O VOL,56772,47253,,,,,,,,,2412
PERSISTENT,F&O OI,54333,53991,,,,,,,,,54412
PERSISTENT,CALL VOL,35326,22535,,,,,,,,,1777
PERSISTENT,CALL OI,12737,13130,,,,,,,,,12846
PERSISTENT,PUT VOL,14611,15887,,,,,,,,,568
PERSISTENT,PUT OI,9506,9281,,,,,,,,,9462
PETRONET,PRICE,288.7,285.9,,,,285.65,288.09,286.88,292.23,289.48,284.0
PETRONET,VWAP,,,,,,,,,,,285.0
PETRONET,CASH VOL,2585212,1133536,732678,63.28,54.32,,,,,,36288
PETRONET,F&O VOL,5568,3367,,,,,,,,,151
PETRONET,F&O OI,23096,22712,,,,,,,,,23121
PETRONET,CALL VOL,2873,1370,,,,,,,,,42
PETRONET,CALL OI,4045,4008,,,,,,,,,4053
PETRONET,PUT VOL,1445,851,,,,,,,,,40
PETRONET,PUT OI,2482,2460,,,,,,,,,2490
PFC,PRICE,352.8,351.4,,,,348.0,352.54,352.02,353.43,349.1,349.0
PFC,VWAP,,,,,,,,,,,349.97
PFC,CASH VOL,7286720,5426791,1587413,60.49,61.21,,,,,,246093
PFC,F&O VOL,33443,19542,,,,,,,,,761
PFC,F&O OI,122386,119913,,,,,,,,,122354
PFC,CALL VOL,12596,8604,,,,,,,,,580
PFC,CALL OI,13558,13337,,,,,,,,,13575
PFC,PUT VOL,10220,4252,,,,,,,,,381
PFC,PUT OI,13075,11673,,,,,,,,,13051
PGEL,PRICE,542.0,542.5,,,,537.5,543.38,542.46,565.17,563.26,532.0
PGEL,VWAP,,,,,,,,,,,534.98
PGEL,CASH VOL,786316,1621300,205646,41.12,40.25,,,,,,47871
PGEL,F&O VOL,4941,14220,,,,,,,,,527
PGEL,F&O OI,22210,22057,,,,,,,,,22470
PGEL,CALL VOL,1821,3978,,,,,,,,,181
PGEL,CALL OI,2348,2095,,,,,,,,,2382
PGEL,PUT VOL,1412,5044,,,,,,,,,313
PGEL,PUT OI,2446,2403,,,,,,,,,2634
PHOENIXLTD,PRICE,1890.0,1885.3,,,,1876.0,1898.95,1892.98,1934.45,1919.35,1864.0
PHOENIXLTD,VWAP,,,,,,,,,,,1860.73
PHOENIXLTD,CASH VOL,383380,299790,105367,63.03,58.96,,,,,,15490
PHOENIXLTD,F&O VOL,4261,8218,,,,,,,,,218
PHOENIXLTD,F&O OI,16431,17136,,,,,,,,,16445
PHOENIXLTD,CALL VOL,1345,1969,,,,,,,,,71
PHOENIXLTD,CALL OI,1027,1066,,,,,,,,,1029
PHOENIXLTD,PUT VOL,359,1169,,,,,,,,,29
PHOENIXLTD,PUT OI,1312,1321,,,,,,,,,1311
PIDILITIND,PRICE,1569.0,1572.0,,,,1550.0,1567.9,1565.7,1648.35,1635.78,1547.0
PIDILITIND,VWAP,,,,,,,,,,,1546.5
PIDILITIND,CASH VOL,475698,276995,163861,60.52,60.79,,,,,,24006
PIDILITIND,F&O VOL,4386,4449,,,,,,,,,96
PIDILITIND,F&O OI,15180,15278,,,,,,,,,15181
PIDILITIND,CALL VOL,1118,1160,,,,,,,,,35
PIDILITIND,CALL OI,825,809,,,,,,,,,825
PIDILITIND,PUT VOL,1644,1388,,,,,,,,,37
PIDILITIND,PUT OI,1662,1620,,,,,,,,,1660
PIIND,PRICE,2365.0,2394.0,,,,2350.0,2374.8,2368.27,2453.75,2431.25,2339.0
PIIND,VWAP,,,,,,,,,,,2342.43
PIIND,CASH VOL,275516,100714,122024,64.83,39.79,,,,,,8596
PIIND,F&O VOL,6132,8282,,,,,,,,,314
PIIND,F&O OI,38731,38285,,,,,,,,,38760
PIIND,CALL VOL,3014,4664,,,,,,,,,194
PIIND,CALL OI,6461,6047,,,,,,,,,6488
PIIND,PUT VOL,1472,1968,,,,,,,,,77
PIIND,PUT OI,5039,5046,,,,,,,,,5038
PNB,PRICE,116.85,115.61,,,,116.0,116.84,116.84,116.69,116.09,115.0
PNB,VWAP,,,,,,,,,,,115.15
PNB,CASH VOL,18231772,11691129,3495412,41.25,52.41,,,,,,1111901
PNB,F&O VOL,28539,13555,,,,,,,,,1630
PNB,F&O OI,48867,47323,,,,,,,,,48907
PNB,CALL VOL,11450,4911,,,,,,,,,661
PNB,CALL OI,5086,4938,,,,,,,,,5112
PNB,PUT VOL,8603,4322,,,,,,,,,739
PNB,PUT OI,4576,4138,,,,,,,,,4454
PNBHOUSING,PRICE,1179.0,1142.0,,,,1172.0,1172.53,1159.6,1164.07,1160.2,1170.0
PNBHOUSING,VWAP,,,,,,,,,,,1171.13
PNBHOUSING,CASH VOL,1084833,320435,720804,57.16,55.9,,,,,,23493
PNBHOUSING,F&O VOL,12153,4081,,,,,,,,,713
PNBHOUSING,F&O OI,21394,20766,,,,,,,,,21343
PNBHOUSING,CALL VOL,7376,1831,,,,,,,,,477
PNBHOUSING,CALL OI,3127,2711,,,,,,,,,3194
PNBHOUSING,PUT VOL,2325,830,,,,,,,,,320
PNBHOUSING,PUT OI,1785,1566,,,,,,,,,1681
POLICYBZR,PRICE,1800.0,1800.0,,,,1783.0,1798.1,1794.3,1840.0,1837.33,1770.0
POLICYBZR,VWAP,,,,,,,,,,,1769.97
POLICYBZR,CASH VOL,414006,1177932,131573,52.39,67.87,,,,,,31572
POLICYBZR,F&O VOL,4223,6935,,,,,,,,,293
POLICYBZR,F&O OI,27666,27366,,,,,,,,,27725
POLICYBZR,CALL VOL,1106,2035,,,,,,,,,74
POLICYBZR,CALL OI,2352,2355,,,,,,,,,2361
POLICYBZR,PUT VOL,949,1319,,,,,,,,,80
POLICYBZR,PUT OI,3927,3721,,,,,,,,,3933
POLYCAB,PRICE,8358.0,8354.0,,,,8319.0,8348.67,8330.0,8729.5,8443.17,8179.0
POLYCAB,VWAP,,,,,,,,,,,8195.83
POLYCAB,CASH VOL,259270,198567,95069,57.77,45.87,,,,,,30556
POLYCAB,F&O VOL,23372,29680,,,,,,,,,2899
POLYCAB,F&O OI,65730,65817,,,,,,,,,65881
POLYCAB,CALL VOL,7918,9639,,,,,,,,,1266
POLYCAB,CALL OI,8104,7881,,,,,,,,,8204
POLYCAB,PUT VOL,5597,9057,,,,,,,,,985
POLYCAB,PUT OI,9671,9791,,,,,,,,,9681
POWERGRID,PRICE,271.75,265.85,,,,269.95,270.67,268.52,266.23,266.08,272.0
POWERGRID,VWAP,,,,,,,,,,,271.72
POWERGRID,CASH VOL,12187656,11738891,3301711,63.12,68.96,,,,,,581739
POWERGRID,F&O VOL,40753,22291,,,,,,,,,2436
POWERGRID,F&O OI,70091,72204,,,,,,,,,70158
POWERGRID,CALL VOL,23991,12249,,,,,,,,,2141
POWERGRID,CALL OI,13248,13970,,,,,,,,,13356
POWERGRID,PUT VOL,9042,3921,,,,,,,,,396
POWERGRID,PUT OI,6092,5819,,,,,,,,,6098
POWERINDIA,PRICE,31195.0,31580.0,,,,31060.0,31322.5,31237.5,32497.5,31932.5,30890.0
POWERINDIA,VWAP,,,,,,,,,,,30890.0
POWERINDIA,CASH VOL,49644,94112,15312,46.21,42.33,,,,,,3962
POWERINDIA,F&O VOL,17836,42042,,,,,,,,,821
POWERINDIA,F&O OI,56064,55242,,,,,,,,,56173
POWERINDIA,CALL VOL,5338,16385,,,,,,,,,547
POWERINDIA,CALL OI,9346,8724,,,,,,,,,9466
POWERINDIA,PUT VOL,3090,8073,,,,,,,,,285
POWERINDIA,PUT OI,7709,7648,,,,,,,,,7738
PREMIERENE,PRICE,967.9,975.9,,,,972.2,972.0,969.27,1011.95,1005.32,955.0
PREMIERENE,VWAP,,,,,,,,,,,963.0
PREMIERENE,CASH VOL,992989,583491,236207,57.65,54.52,,,,,,127822
PREMIERENE,F&O VOL,4829,4689,,,,,,,,,789
PREMIERENE,F&O OI,27788,27725,,,,,,,,,27938
PREMIERENE,CALL VOL,1977,2065,,,,,,,,,561
PREMIERENE,CALL OI,4756,4625,,,,,,,,,4864
PREMIERENE,PUT VOL,989,752,,,,,,,,,205
PREMIERENE,PUT OI,4688,4577,,,,,,,,,4681
PRESTIGE,PRICE,1543.6,1540.4,,,,1530.5,1539.5,1531.3,1586.07,1584.2,1506.0
PRESTIGE,VWAP,,,,,,,,,,,1508.17
PRESTIGE,CASH VOL,296169,499802,87913,42.79,61.61,,,,,,23100
PRESTIGE,F&O VOL,6811,7423,,,,,,,,,494
PRESTIGE,F&O OI,21923,21704,,,,,,,,,21949
PRESTIGE,CALL VOL,1801,4061,,,,,,,,,140
PRESTIGE,CALL OI,1886,1692,,,,,,,,,1874
PRESTIGE,PUT VOL,2924,1040,,,,,,,,,364
PRESTIGE,PUT OI,2939,2789,,,,,,,,,2944
RADICO,PRICE,4460.0,4414.0,,,,4422.4,4453.53,4440.6,4487.63,4474.9,4401.0
RADICO,VWAP,,,,,,,,,,,4408.7
RADICO,CASH VOL,119989,212920,29768,51.36,59.8,,,,,,4603
RADICO,F&O VOL,5219,4822,,,,,,,,,123
RADICO,F&O OI,13146,12774,,,,,,,,,13139
RADICO,CALL VOL,2072,905,,,,,,,,,17
RADICO,CALL OI,2458,2334,,,,,,,,,2463
RADICO,PUT VOL,696,577,,,,,,,,,9
RADICO,PUT OI,1503,1520,,,,,,,,,1503
RBLBANK,PRICE,410.8,416.0,,,,408.0,413.12,411.57,408.24,396.02,407.0
RBLBANK,VWAP,,,,,,,,,,,407.7
RBLBANK,CASH VOL,2711005,3908840,863043,50.33,58.21,,,,,,372304
RBLBANK,F&O VOL,9066,12603,,,,,,,,,738
RBLBANK,F&O OI,26057,25690,,,,,,,,,25908
RBLBANK,CALL VOL,3392,4932,,,,,,,,,204
RBLBANK,CALL OI,5514,5400,,,,,,,,,5503
RBLBANK,PUT VOL,2891,4030,,,,,,,,,524
RBLBANK,PUT OI,4565,4774,,,,,,,,,4436
RECLTD,PRICE,313.8,314.5,,,,312.0,314.77,314.12,317.65,315.55,312.0
RECLTD,VWAP,,,,,,,,,,,312.9
RECLTD,CASH VOL,3526950,3145078,975924,41.11,56.06,,,,,,343779
RECLTD,F&O VOL,15289,10542,,,,,,,,,1478
RECLTD,F&O OI,63673,64111,,,,,,,,,63370
RECLTD,CALL VOL,6369,4500,,,,,,,,,1413
RECLTD,CALL OI,8497,8379,,,,,,,,,8124
RECLTD,PUT VOL,3969,2641,,,,,,,,,68
RECLTD,PUT OI,6449,6425,,,,,,,,,6436
RELIANCE,PRICE,1274.0,1279.0,,,,1267.0,1275.8,1274.6,1316.83,1306.5,1264.0
RELIANCE,VWAP,,,,,,,,,,,1263.97
RELIANCE,CASH VOL,9296079,12152819,2874060,54.32,63.23,,,,,,479917
RELIANCE,F&O VOL,288715,255413,,,,,,,,,9732
RELIANCE,F&O OI,579537,552644,,,,,,,,,579983
RELIANCE,CALL VOL,89533,67248,,,,,,,,,4731
RELIANCE,CALL OI,56505,43189,,,,,,,,,56702
RELIANCE,PUT VOL,70046,67993,,,,,,,,,3107
RELIANCE,PUT OI,45775,44242,,,,,,,,,46067
RVNL,PRICE,205.6,207.0,,,,204.5,208.12,206.44,211.33,209.0,202.0
RVNL,VWAP,,,,,,,,,,,203.3
RVNL,CASH VOL,5012189,3171906,1082365,24.45,24.7,,,,,,386784
RVNL,F&O VOL,15405,8412,,,,,,,,,679
RVNL,F&O OI,48988,48126,,,,,,,,,49204
RVNL,CALL VOL,9604,3772,,,,,,,,,368
RVNL,CALL OI,9233,8580,,,,,,,,,9263
RVNL,PUT VOL,1711,1482,,,,,,,,,89
RVNL,PUT OI,5705,5833,,,,,,,,,5725
SAIL,PRICE,183.75,186.4,,,,182.43,185.06,184.19,196.38,195.53,179.0
SAIL,VWAP,,,,,,,,,,,180.37
SAIL,CASH VOL,8060794,13768193,2328374,45.61,40.85,,,,,,920570
SAIL,F&O VOL,113,99,,,,,,,,,27
SAIL,F&O OI,51345,51429,,,,,,,,,51339
SAIL,CALL VOL,10,4,,,,,,,,,5
SAIL,CALL OI,1486,1490,,,,,,,,,1487
SAIL,PUT VOL,24,9,,,,,,,,,17
SAIL,PUT OI,2778,2793,,,,,,,,,2778
SBICARD,PRICE,666.3,668.4,,,,665.0,666.12,665.77,653.98,645.45,658.0
SBICARD,VWAP,,,,,,,,,,,660.85
SBICARD,CASH VOL,1286184,2199393,262114,55.71,59.52,,,,,,46978
SBICARD,F&O VOL,10912,20053,,,,,,,,,826
SBICARD,F&O OI,46474,47111,,,,,,,,,46401
SBICARD,CALL VOL,4374,9591,,,,,,,,,424
SBICARD,CALL OI,8027,8105,,,,,,,,,8023
SBICARD,PUT VOL,2234,4103,,,,,,,,,338
SBICARD,PUT OI,5623,5611,,,,,,,,,5575
SBILIFE,PRICE,1700.6,1684.0,,,,1680.0,1697.18,1690.35,1763.73,1741.2,1675.0
SBILIFE,VWAP,,,,,,,,,,,1679.97
SBILIFE,CASH VOL,855621,1020022,179506,66.2,64.46,,,,,,13617
SBILIFE,F&O VOL,11630,19499,,,,,,,,,315
SBILIFE,F&O OI,40188,40053,,,,,,,,,40164
SBILIFE,CALL VOL,5477,6486,,,,,,,,,212
SBILIFE,CALL OI,4317,4090,,,,,,,,,4326
SBILIFE,PUT VOL,2791,5374,,,,,,,,,64
SBILIFE,PUT OI,4050,3872,,,,,,,,,4033
SBIN,PRICE,1009.7,1000.5,,,,1000.0,1008.62,1006.45,1033.7,1021.97,996.0
SBIN,VWAP,,,,,,,,,,,996.57
SBIN,CASH VOL,5504031,7091386,1238104,40.9,53.11,,,,,,432213
SBIN,F&O VOL,104092,147228,,,,,,,,,7677
SBIN,F&O OI,286902,284898,,,,,,,,,287692
SBIN,CALL VOL,43417,56829,,,,,,,,,4642
SBIN,CALL OI,38123,37080,,,,,,,,,38965
SBIN,PUT VOL,32394,48166,,,,,,,,,3494
SBIN,PUT OI,34658,34181,,,,,,,,,34654
SHREECEM,PRICE,22785.0,22950.0,,,,22660.0,22845.0,22805.0,23770.0,23600.0,22550.0
SHREECEM,VWAP,,,,,,,,,,,22575.0
SHREECEM,CASH VOL,9990,12133,3124,45.18,42.78,,,,,,556
SHREECEM,F&O VOL,7103,8709,,,,,,,,,176
SHREECEM,F&O OI,23282,22705,,,,,,,,,23293
SHREECEM,CALL VOL,288,350,,,,,,,,,21
SHREECEM,CALL OI,421,310,,,,,,,,,432
SHREECEM,PUT VOL,439,1070,,,,,,,,,34
SHREECEM,PUT OI,1162,1028,,,,,,,,,1147
SHRIRAMFIN,PRICE,1038.0,1029.0,,,,1021.0,1035.32,1029.95,1062.55,1048.18,1016.0
SHRIRAMFIN,VWAP,,,,,,,,,,,1019.07
SHRIRAMFIN,CASH VOL,2757241,3641454,1038103,59.42,63.46,,,,,,153532
SHRIRAMFIN,F&O VOL,17764,17246,,,,,,,,,1393
SHRIRAMFIN,F&O OI,63888,64164,,,,,,,,,63971
SHRIRAMFIN,CALL VOL,8948,7787,,,,,,,,,788
SHRIRAMFIN,CALL OI,10406,10585,,,,,,,,,10491
SHRIRAMFIN,PUT VOL,4468,3894,,,,,,,,,550
SHRIRAMFIN,PUT OI,9430,9482,,,,,,,,,9411
SIEMENS,PRICE,3954.4,3949.1,,,,3912.1,3951.78,3946.55,4039.05,3997.68,3870.0
SIEMENS,VWAP,,,,,,,,,,,3898.9
SIEMENS,CASH VOL,227398,378664,69280,52.87,52.37,,,,,,12933
SIEMENS,F&O VOL,6065,15082,,,,,,,,,405
SIEMENS,F&O OI,37223,36700,,,,,,,,,37242
SIEMENS,CALL VOL,2605,7731,,,,,,,,,207
SIEMENS,CALL OI,4957,4641,,,,,,,,,4969
SIEMENS,PUT VOL,1202,2812,,,,,,,,,129
SIEMENS,PUT OI,5176,5264,,,,,,,,,5169
SOLARINDS,PRICE,22370.0,22355.0,,,,22300.0,22359.17,22337.5,21214.17,20752.5,22210.0
SOLARINDS,VWAP,,,,,,,,,,,22223.33
SOLARINDS,CASH VOL,58690,94443,14805,40.13,52.27,,,,,,4236
SOLARINDS,F&O VOL,23712,28154,,,,,,,,,919
SOLARINDS,F&O OI,46311,45852,,,,,,,,,46352
SOLARINDS,CALL VOL,9134,9262,,,,,,,,,433
SOLARINDS,CALL OI,9947,9855,,,,,,,,,10011
SOLARINDS,PUT VOL,5982,6637,,,,,,,,,277
SOLARINDS,PUT OI,5903,5802,,,,,,,,,5918
SONACOMS,PRICE,803.5,799.5,,,,798.0,803.22,802.67,797.45,791.82,796.0
SONACOMS,VWAP,,,,,,,,,,,796.57
SONACOMS,CASH VOL,1517259,549181,281570,37.72,47.96,,,,,,45946
SONACOMS,F&O VOL,9890,4369,,,,,,,,,262
SONACOMS,F&O OI,19955,19751,,,,,,,,,19961
SONACOMS,CALL VOL,4873,1932,,,,,,,,,228
SONACOMS,CALL OI,2844,2807,,,,,,,,,2838
SONACOMS,PUT VOL,1418,707,,,,,,,,,25
SONACOMS,PUT OI,3110,3078,,,,,,,,,3116
SRF,PRICE,2519.0,2520.0,,,,2508.0,2527.85,2521.95,2590.1,2561.37,2473.0
SRF,VWAP,,,,,,,,,,,2479.43
SRF,CASH VOL,210831,68501,49893,40.92,52.11,,,,,,17662
SRF,F&O VOL,11206,4616,,,,,,,,,558
SRF,F&O OI,33488,33210,,,,,,,,,33566
SRF,CALL VOL,7439,2995,,,,,,,,,534
SRF,CALL OI,5211,5026,,,,,,,,,5259
SRF,PUT VOL,1811,808,,,,,,,,,183
SRF,PUT OI,4479,4377,,,,,,,,,4455
SUNPHARMA,PRICE,1861.0,1864.9,,,,1845.0,1859.97,1857.9,1929.05,1909.02,1849.0
SUNPHARMA,VWAP,,,,,,,,,,,1848.17
SUNPHARMA,CASH VOL,1178648,1396896,319235,66.25,62.13,,,,,,26723
SUNPHARMA,F&O VOL,30309,30927,,,,,,,,,1014
SUNPHARMA,F&O OI,85809,84156,,,,,,,,,85712
SUNPHARMA,CALL VOL,15485,13335,,,,,,,,,668
SUNPHARMA,CALL OI,13697,12342,,,,,,,,,13663
SUNPHARMA,PUT VOL,8876,9795,,,,,,,,,243
SUNPHARMA,PUT OI,10749,10422,,,,,,,,,10758
SUPREMEIND,PRICE,3510.0,3516.9,,,,3499.1,3504.88,3494.65,3567.0,3505.67,3458.0
SUPREMEIND,VWAP,,,,,,,,,,,3463.93
SUPREMEIND,CASH VOL,54496,99750,21149,53.53,44.57,,,,,,12280
SUPREMEIND,F&O VOL,2280,4408,,,,,,,,,348
SUPREMEIND,F&O OI,19479,19454,,,,,,,,,19609
SUPREMEIND,CALL VOL,911,1343,,,,,,,,,63
SUPREMEIND,CALL OI,2323,2262,,,,,,,,,2318
SUPREMEIND,PUT VOL,428,946,,,,,,,,,6
SUPREMEIND,PUT OI,1879,1831,,,,,,,,,1878
SUZLON,PRICE,44.22,45.45,,,,44.12,44.89,44.44,46.27,45.66,43.0
SUZLON,VWAP,,,,,,,,,,,43.57
SUZLON,CASH VOL,43668900,52512738,13270830,45.52,47.82,,,,,,5781847
SUZLON,F&O VOL,18436,15553,,,,,,,,,1188
SUZLON,F&O OI,60583,58480,,,,,,,,,60667
SUZLON,CALL VOL,8304,6545,,,,,,,,,612
SUZLON,CALL OI,6676,5057,,,,,,,,,6777
SUZLON,PUT VOL,2970,2716,,,,,,,,,131
SUZLON,PUT OI,4077,4262,,,,,,,,,4069
SWIGGY,PRICE,279.0,282.75,,,,276.05,281.52,279.84,275.02,272.88,277.0
SWIGGY,VWAP,,,,,,,,,,,276.57
SWIGGY,CASH VOL,11468920,23545618,3240103,47.73,46.53,,,,,,591069
SWIGGY,F&O VOL,28107,74353,,,,,,,,,914
SWIGGY,F&O OI,92120,91308,,,,,,,,,92098
SWIGGY,CALL VOL,14746,33922,,,,,,,,,485
SWIGGY,CALL OI,14826,14685,,,,,,,,,14849
SWIGGY,PUT VOL,6025,21532,,,,,,,,,295
SWIGGY,PUT OI,13741,13854,,,,,,,,,13752
TATACONSUM,PRICE,999.6,1001.0,,,,993.0,999.42,999.05,1024.9,1014.97,993.0
TATACONSUM,VWAP,,,,,,,,,,,994.57
TATACONSUM,CASH VOL,1001929,973918,374521,62.72,67.4,,,,,,23658
TATACONSUM,F&O VOL,8966,7642,,,,,,,,,323
TATACONSUM,F&O OI,51032,50667,,,,,,,,,51051
TATACONSUM,CALL VOL,3285,2489,,,,,,,,,170
TATACONSUM,CALL OI,2804,2491,,,,,,,,,2820
TATACONSUM,PUT VOL,2299,1791,,,,,,,,,79
TATACONSUM,PUT OI,5737,5270,,,,,,,,,5739
TATAELXSI,PRICE,3409.0,3383.0,,,,3400.2,3413.45,3410.48,3598.45,3571.48,3384.0
TATAELXSI,VWAP,,,,,,,,,,,3395.3
TATAELXSI,CASH VOL,208936,246727,36255,23.06,46.14,,,,,,13239
TATAELXSI,F&O VOL,17016,16167,,,,,,,,,616
TATAELXSI,F&O OI,36247,35519,,,,,,,,,36352
TATAELXSI,CALL VOL,8842,4960,,,,,,,,,388
TATAELXSI,CALL OI,3533,3236,,,,,,,,,3572
TATAELXSI,PUT VOL,2720,3991,,,,,,,,,131
TATAELXSI,PUT OI,3570,3386,,,,,,,,,3542
TATAPOWER,PRICE,367.0,370.0,,,,364.8,366.94,366.82,364.98,358.95,364.0
TATAPOWER,VWAP,,,,,,,,,,,363.93
TATAPOWER,CASH VOL,2896528,5668226,961469,42.79,36.56,,,,,,106661
TATAPOWER,F&O VOL,16155,50149,,,,,,,,,725
TATAPOWER,F&O OI,94209,93854,,,,,,,,,94183
TATAPOWER,CALL VOL,8536,24146,,,,,,,,,408
TATAPOWER,CALL OI,15738,15299,,,,,,,,,15740
TATAPOWER,PUT VOL,4669,15294,,,,,,,,,296
TATAPOWER,PUT OI,15194,15232,,,,,,,,,15156
TATASTEEL,PRICE,186.78,188.75,,,,184.0,187.0,186.85,187.75,185.67,180.0
TATASTEEL,VWAP,,,,,,,,,,,182.24
TATASTEEL,CASH VOL,23334612,45985325,6395790,54.52,47.32,,,,,,3594348
TATASTEEL,F&O VOL,65875,160746,,,,,,,,,8464
TATASTEEL,F&O OI,175934,174731,,,,,,,,,176510
TATASTEEL,CALL VOL,27426,66163,,,,,,,,,5305
TATASTEEL,CALL OI,22839,21275,,,,,,,,,23261
TATASTEEL,PUT VOL,20763,51727,,,,,,,,,2421
TATASTEEL,PUT OI,20472,22697,,,,,,,,,20398
TCS,PRICE,2204.1,2208.0,,,,2185.5,2211.3,2206.5,2337.2,2315.07,2218.0
TCS,VWAP,,,,,,,,,,,2213.0
TCS,CASH VOL,2490912,3370071,551373,49.97,59.5,,,,,,282044
TCS,F&O VOL,101033,153677,,,,,,,,,11804
TCS,F&O OI,243938,238868,,,,,,,,,244213
TCS,CALL VOL,40723,47221,,,,,,,,,5745
TCS,CALL OI,18026,15432,,,,,,,,,18001
TCS,PUT VOL,23155,38576,,,,,,,,,2200
TCS,PUT OI,16769,15801,,,,,,,,,17054
TECHM,PRICE,1525.8,1508.0,,,,1519.3,1524.33,1521.4,1617.95,1603.92,1539.0
TECHM,VWAP,,,,,,,,,,,1534.83
TECHM,CASH VOL,1405653,1329200,340460,34.0,45.26,,,,,,132030
TECHM,F&O VOL,45628,35426,,,,,,,,,2069
TECHM,F&O OI,56001,54918,,,,,,,,,55952
TECHM,CALL VOL,24166,13504,,,,,,,,,1893
TECHM,CALL OI,7271,6847,,,,,,,,,7159
TECHM,PUT VOL,12039,10124,,,,,,,,,659
TECHM,PUT OI,6499,6412,,,,,,,,,6570
TIINDIA,PRICE,2652.0,2678.3,,,,2637.0,2653.5,2652.5,2737.7,2711.23,2599.0
TIINDIA,VWAP,,,,,,,,,,,2610.5
TIINDIA,CASH VOL,174561,234838,21619,60.2,43.04,,,,,,8216
TIINDIA,F&O VOL,5558,9452,,,,,,,,,217
TIINDIA,F&O OI,19328,19318,,,,,,,,,19338
TIINDIA,CALL VOL,1770,4082,,,,,,,,,85
TIINDIA,CALL OI,1660,1492,,,,,,,,,1676
TIINDIA,PUT VOL,1497,1969,,,,,,,,,144
TIINDIA,PUT OI,1720,1755,,,,,,,,,1693
TITAN,PRICE,5021.0,5005.0,,,,4964.0,5013.25,4997.75,5039.25,5026.42,4960.0
TITAN,VWAP,,,,,,,,,,,4966.5
TITAN,CASH VOL,336565,502050,112381,59.07,65.06,,,,,,19523
TITAN,F&O VOL,17740,26522,,,,,,,,,1341
TITAN,F&O OI,59149,59343,,,,,,,,,59230
TITAN,CALL VOL,9805,12257,,,,,,,,,884
TITAN,CALL OI,12687,12768,,,,,,,,,12829
TITAN,PUT VOL,5103,9079,,,,,,,,,751
TITAN,PUT OI,10255,10317,,,,,,,,,10234
TMPV,PRICE,300.5,303.0,,,,299.75,302.02,301.01,311.49,311.48,297.0
TMPV,VWAP,,,,,,,,,,,298.47
TMPV,CASH VOL,7512877,6971556,1618512,45.79,47.58,,,,,,483414
TMPV,F&O VOL,54187,46751,,,,,,,,,2048
TMPV,F&O OI,119411,116428,,,,,,,,,119401
TMPV,CALL VOL,21326,16843,,,,,,,,,1171
TMPV,CALL OI,12871,11214,,,,,,,,,13168
TMPV,PUT VOL,16319,13158,,,,,,,,,1023
TMPV,PUT OI,15420,14976,,,,,,,,,15157
TORNTPHARM,PRICE,4930.0,4930.0,,,,4929.0,4960.5,4940.17,4924.0,4879.33,4932.0
TORNTPHARM,VWAP,,,,,,,,,,,4927.33
TORNTPHARM,CASH VOL,190249,165089,70272,54.06,62.02,,,,,,7099
TORNTPHARM,F&O VOL,14692,5125,,,,,,,,,234
TORNTPHARM,F&O OI,34508,34757,,,,,,,,,34506
TORNTPHARM,CALL VOL,7610,2383,,,,,,,,,180
TORNTPHARM,CALL OI,3575,3331,,,,,,,,,3577
TORNTPHARM,PUT VOL,1433,569,,,,,,,,,32
TORNTPHARM,PUT OI,2536,2607,,,,,,,,,2541
TRENT,PRICE,2818.7,2820.0,,,,2789.0,2818.3,2817.5,2860.95,2855.65,2787.0
TRENT,VWAP,,,,,,,,,,,2783.33
TRENT,CASH VOL,503802,601991,174484,57.23,47.39,,,,,,23699
TRENT,F&O VOL,18675,31166,,,,,,,,,616
TRENT,F&O OI,75384,73552,,,,,,,,,75392
TRENT,CALL VOL,8629,15095,,,,,,,,,692
TRENT,CALL OI,13044,12177,,,,,,,,,13126
TRENT,PUT VOL,4986,7270,,,,,,,,,279
TRENT,PUT OI,7732,7223,,,,,,,,,7715
TVSMOTOR,PRICE,4121.5,4151.1,,,,4081.0,4141.75,4128.25,4236.95,4167.72,4070.0
TVSMOTOR,VWAP,,,,,,,,,,,4079.5
TVSMOTOR,CASH VOL,550990,1044264,162633,61.23,62.73,,,,,,34595
TVSMOTOR,F&O VOL,20876,42001,,,,,,,,,1528
TVSMOTOR,F&O OI,73622,72243,,,,,,,,,73754
TVSMOTOR,CALL VOL,7014,16930,,,,,,,,,645
TVSMOTOR,CALL OI,7857,7274,,,,,,,,,8012
TVSMOTOR,PUT VOL,5730,10289,,,,,,,,,712
TVSMOTOR,PUT OI,7569,7782,,,,,,,,,7517
ULTRACEMCO,PRICE,10979.0,10900.0,,,,10859.0,10958.83,10918.5,11393.67,11365.0,10810.0
ULTRACEMCO,VWAP,,,,,,,,,,,10820.33
ULTRACEMCO,CASH VOL,270894,325637,77749,61.91,72.07,,,,,,7007
ULTRACEMCO,F&O VOL,14799,22034,,,,,,,,,1076
ULTRACEMCO,F&O OI,68357,68055,,,,,,,,,68341
ULTRACEMCO,CALL VOL,4085,5317,,,,,,,,,281
ULTRACEMCO,CALL OI,1947,1833,,,,,,,,,1965
ULTRACEMCO,PUT VOL,3040,4588,,,,,,,,,327
ULTRACEMCO,PUT OI,3666,3295,,,,,,,,,3615
UNIONBANK,PRICE,179.2,183.89,,,,177.1,181.03,179.81,187.02,186.62,176.0
UNIONBANK,VWAP,,,,,,,,,,,176.36
UNIONBANK,CASH VOL,8544176,7080822,1896921,40.37,44.49,,,,,,451999
UNIONBANK,F&O VOL,26881,13138,,,,,,,,,684
UNIONBANK,F&O OI,41899,41185,,,,,,,,,41961
UNIONBANK,CALL VOL,8465,4082,,,,,,,,,361
UNIONBANK,CALL OI,5739,4630,,,,,,,,,5790
UNIONBANK,PUT VOL,8078,3182,,,,,,,,,220
UNIONBANK,PUT OI,6647,6626,,,,,,,,,6633
UNITDSPR,PRICE,1400.0,1405.2,,,,1395.1,1403.75,1401.25,1472.6,1472.0,1391.0
UNITDSPR,VWAP,,,,,,,,,,,1391.33
UNITDSPR,CASH VOL,432902,493439,198427,67.87,50.81,,,,,,7258
UNITDSPR,F&O VOL,8171,12419,,,,,,,,,94
UNITDSPR,F&O OI,29335,29071,,,,,,,,,29342
UNITDSPR,CALL VOL,2571,3097,,,,,,,,,84
UNITDSPR,CALL OI,1587,1393,,,,,,,,,1601
UNITDSPR,PUT VOL,1748,3202,,,,,,,,,7
UNITDSPR,PUT OI,1829,1810,,,,,,,,,1829
UNOMINDA,PRICE,1224.8,1229.0,,,,1217.0,1229.6,1226.4,1267.9,1255.77,1213.0
UNOMINDA,VWAP,,,,,,,,,,,1213.27
UNOMINDA,CASH VOL,474437,375564,202655,61.96,59.38,,,,,,12764
UNOMINDA,F&O VOL,5467,2706,,,,,,,,,156
UNOMINDA,F&O OI,14965,14997,,,,,,,,,14955
UNOMINDA,CALL VOL,1418,816,,,,,,,,,48
UNOMINDA,CALL OI,2453,2547,,,,,,,,,2450
UNOMINDA,PUT VOL,2668,677,,,,,,,,,153
UNOMINDA,PUT OI,2151,1940,,,,,,,,,2122
UPL,PRICE,575.3,575.7,,,,571.8,575.55,575.38,579.71,574.83,569.0
UPL,VWAP,,,,,,,,,,,569.85
UPL,CASH VOL,1242223,1763304,428507,64.38,57.11,,,,,,97814
UPL,F&O VOL,3078,7102,,,,,,,,,179
UPL,F&O OI,33168,33111,,,,,,,,,33220
UPL,CALL VOL,1469,3171,,,,,,,,,139
UPL,CALL OI,4706,4622,,,,,,,,,4752
UPL,PUT VOL,863,2212,,,,,,,,,19
UPL,PUT OI,4159,4171,,,,,,,,,4159
VBL,PRICE,410.5,407.0,,,,406.8,410.47,410.43,408.73,407.98,405.0
VBL,VWAP,,,,,,,,,,,405.18
VBL,CASH VOL,7713560,11284331,1536416,48.18,60.06,,,,,,370757
VBL,F&O VOL,39205,36176,,,,,,,,,780
VBL,F&O OI,100450,99425,,,,,,,,,100636
VBL,CALL VOL,22575,17628,,,,,,,,,543
VBL,CALL OI,21775,20949,,,,,,,,,21863
VBL,PUT VOL,7658,9852,,,,,,,,,245
VBL,PUT OI,13184,13142,,,,,,,,,13197
VEDL,PRICE,269.05,272.5,,,,264.0,271.95,270.02,274.85,273.02,258.0
VEDL,VWAP,,,,,,,,,,,260.35
VEDL,CASH VOL,4834991,8634652,1754322,57.77,57.41,,,,,,2111430
VEDL,F&O VOL,17624,36828,,,,,,,,,7813
VEDL,F&O OI,113843,113123,,,,,,,,,115039
VEDL,CALL VOL,7273,16479,,,,,,,,,3561
VEDL,CALL OI,12738,12048,,,,,,,,,13309
VEDL,PUT VOL,3673,7231,,,,,,,,,3117
VEDL,PUT OI,13858,14257,,,,,,,,,14297
VMM,PRICE,103.4,103.18,,,,102.6,103.25,102.96,109.1,107.13,101.0
VMM,VWAP,,,,,,,,,,,102.14
VMM,CASH VOL,4752690,6949596,1739241,44.19,51.39,,,,,,402513
VMM,F&O VOL,4200,3997,,,,,,,,,121
VMM,F&O OI,22912,22323,,,,,,,,,22896
VMM,CALL VOL,1802,1616,,,,,,,,,124
VMM,CALL OI,4310,4024,,,,,,,,,4296
VMM,PUT VOL,756,706,,,,,,,,,9
VMM,PUT OI,3442,3409,,,,,,,,,3441
VOLTAS,PRICE,1158.5,1143.8,,,,1149.0,1154.05,1145.15,1178.95,1172.98,1146.0
VOLTAS,VWAP,,,,,,,,,,,1145.67
VOLTAS,CASH VOL,517423,475069,97179,40.75,57.82,,,,,,20548
VOLTAS,F&O VOL,18890,20229,,,,,,,,,943
VOLTAS,F&O OI,59879,60057,,,,,,,,,59931
VOLTAS,CALL VOL,10265,7021,,,,,,,,,521
VOLTAS,CALL OI,7647,7779,,,,,,,,,7569
VOLTAS,PUT VOL,4554,8510,,,,,,,,,265
VOLTAS,PUT OI,8108,8018,,,,,,,,,8108
WAAREEENER,PRICE,2548.0,2568.0,,,,2543.3,2560.9,2552.3,2623.75,2601.25,2522.0
WAAREEENER,VWAP,,,,,,,,,,,2529.83
WAAREEENER,CASH VOL,629037,282648,191547,53.47,48.39,,,,,,35652
WAAREEENER,F&O VOL,16019,16325,,,,,,,,,797
WAAREEENER,F&O OI,62941,62324,,,,,,,,,62963
WAAREEENER,CALL VOL,9545,11286,,,,,,,,,767
WAAREEENER,CALL OI,9873,9470,,,,,,,,,9878
WAAREEENER,PUT VOL,2351,2359,,,,,,,,,152
WAAREEENER,PUT OI,5444,5415,,,,,,,,,5432
WIPRO,PRICE,166.3,167.0,,,,165.2,167.59,166.73,178.91,177.24,166.0
WIPRO,VWAP,,,,,,,,,,,166.42
WIPRO,CASH VOL,9586645,12001620,2724320,41.57,48.66,,,,,,882492
WIPRO,F&O VOL,42317,51671,,,,,,,,,2870
WIPRO,F&O OI,133192,127666,,,,,,,,,133362
WIPRO,CALL VOL,17033,19587,,,,,,,,,1807
WIPRO,CALL OI,15911,13782,,,,,,,,,15974
WIPRO,PUT VOL,12560,13102,,,,,,,,,998
WIPRO,PUT OI,13185,12205,,,,,,,,,13314
YESBANK,PRICE,22.3,22.42,,,,22.23,22.36,22.32,22.41,22.22,22.0
YESBANK,VWAP,,,,,,,,,,,22.15
YESBANK,CASH VOL,47990386,38540281,12735388,44.13,56.47,,,,,,3131556
YESBANK,F&O VOL,7930,8679,,,,,,,,,468
YESBANK,F&O OI,56141,55274,,,,,,,,,56222
YESBANK,CALL VOL,4446,3999,,,,,,,,,253
YESBANK,CALL OI,9347,9091,,,,,,,,,9366
YESBANK,PUT VOL,1475,2191,,,,,,,,,134
YESBANK,PUT OI,6863,6680,,,,,,,,,6872
ZYDUSLIFE,PRICE,1117.8,1127.4,,,,1114.0,1122.2,1119.27,1151.5,1130.5,1114.0
ZYDUSLIFE,VWAP,,,,,,,,,,,1113.4
ZYDUSLIFE,CASH VOL,937267,1185373,224445,59.46,58.55,,,,,,30296
ZYDUSLIFE,F&O VOL,6151,7469,,,,,,,,,98
ZYDUSLIFE,F&O OI,22294,21841,,,,,,,,,22305
ZYDUSLIFE,CALL VOL,1477,1853,,,,,,,,,35
ZYDUSLIFE,CALL OI,1625,1535,,,,,,,,,1629
ZYDUSLIFE,PUT VOL,1139,1568,,,,,,,,,20
ZYDUSLIFE,PUT OI,2075,2028,,,,,,,,,2073
