date,symbol,rank,score,vol,opt,oic,chg,vwp,csprd,psprd,build,sess,px,r1,u1,e1,r3,u3,e3
2026-09-09,COFORGE,1,0.998,7.79,22.186,1.344,-5.385,,,,SHORT BUILD,LONG BUILD,1845.0,-0.645,-0.185,-0.46,0.081,-0.734,0.815
2026-09-09,CAMS,10,0.909,2.935,3.447,1.059,-1.988,,,,SHORT BUILD,SHORT BUILD,715.0,-0.42,-0.185,-0.235,-0.559,-0.734,0.174
2026-09-09,HDFCBANK,11,0.902,2.441,3.031,1.061,-2.276,,,,SHORT BUILD,SHORT BUILD,687.0,0.975,-0.185,1.16,3.078,-0.734,3.812
2026-09-09,MAXHEALTH,12,0.895,2.431,19.316,1.046,4.431,,,,LONG BUILD,SHORT COVER,1037.0,0.106,-0.185,0.291,0.019,-0.734,0.753
2026-09-09,ONGC,13,0.876,1.913,2.355,1.095,-0.847,,,,SHORT BUILD,SHORT BUILD,234.0,1.389,-0.185,1.573,-0.65,-0.734,0.084
2026-09-09,VBL,14,0.87,2.569,4.198,1.037,0.32,,,,LONG BUILD,LONG BUILD,407.0,0.86,-0.185,1.045,2.334,-0.734,3.068
2026-09-09,TATAELXSI,15,0.868,1.943,2.143,1.086,-3.121,,,,SHORT BUILD,SHORT BUILD,3383.0,0.769,-0.185,0.953,0.0,-0.734,0.734
2026-09-09,HDFCLIFE,2,0.981,4.159,7.586,1.158,-3.709,,,,SHORT BUILD,SHORT BUILD,514.0,2.364,-0.185,2.548,3.113,-0.734,3.846
2026-09-09,ADANIPORTS,3,0.98,4.621,9.119,1.116,3.801,,,,LONG BUILD,LONG BUILD,1775.0,-0.394,-0.185,-0.21,-0.586,-0.734,0.148
2026-09-09,PAYTM,4,0.974,3.964,9.421,1.108,4.85,,,,LONG BUILD,LONG BUILD,1751.0,-0.714,-0.185,-0.529,3.197,-0.734,3.931
2026-09-09,BIOCON,5,0.969,3.89,3.788,1.192,0.688,,,,LONG BUILD,LONG BUILD,395.0,-0.848,-0.185,-0.664,-1.101,-0.734,-0.368
2026-09-09,DLF,6,0.958,9.244,2.698,1.102,-2.977,,,,SHORT BUILD,SHORT BUILD,655.0,0.114,-0.185,0.299,-1.618,-0.734,-0.885
2026-09-09,COALINDIA,7,0.913,2.416,3.642,1.075,2.558,,,,LONG BUILD,SHORT COVER,431.0,0.232,-0.185,0.417,-1.067,-0.734,-0.334
2026-09-09,INFY,8,0.912,1.941,2.762,1.176,-4.344,,,,SHORT BUILD,SHORT BUILD,1035.0,0.145,-0.185,0.33,0.261,-0.734,0.994
2026-09-09,LTM,9,0.912,3.971,1.784,1.124,-0.406,,,,SHORT BUILD,LONG BUILD,4412.0,-0.861,-0.185,-0.677,-3.105,-0.734,-2.372
2026-09-10,FORCEMOT,1,0.994,5.305,11.949,1.125,4.598,0.599,,,LONG BUILD,LONG BUILD,18153.0,-2.586,-0.551,-2.035,-5.117,-2.624,-2.493
2026-09-10,CANBK,10,0.877,2.447,5.793,1.031,-0.064,-1.376,,,SHORT BUILD,SHORT BUILD,124.0,-0.482,-0.551,0.07,-1.79,-2.624,0.834
2026-09-10,PNB,11,0.874,1.541,3.078,1.048,0.337,-1.108,,,LONG BUILD,LONG BUILD,116.0,-0.086,-0.551,0.466,-1.84,-2.624,0.784
2026-09-10,INDIGO,12,0.867,1.851,2.394,1.044,-1.186,-0.076,,,SHORT BUILD,SHORT BUILD,4916.0,0.566,-0.551,1.117,-3.418,-2.624,-0.794
2026-09-10,TATAELXSI,13,0.858,1.233,2.667,1.058,0.236,-0.832,,,LONG BUILD,LONG BUILD,3391.0,-0.763,-0.551,-0.212,0.909,-2.624,3.533
2026-09-10,ASTRAL,14,0.853,1.322,1.73,1.09,-1.546,-0.537,,,SHORT BUILD,SHORT BUILD,1452.0,-3.263,-0.551,-2.711,-5.442,-2.624,-2.818
2026-09-10,OFSS,15,0.839,1.297,1.669,1.086,0.378,-0.243,,,LONG BUILD,SHORT BUILD,11674.0,0.324,-0.551,0.875,0.665,-2.624,3.289
2026-09-10,DIXON,2,0.96,1.881,3.404,1.146,-3.156,-1.026,,,SHORT BUILD,SHORT BUILD,13408.0,-0.556,-0.551,-0.004,-2.37,-2.624,0.253
2026-09-10,PNBHOUSING,3,0.955,2.566,3.351,1.06,3.327,0.631,,,LONG BUILD,LONG BUILD,1180.0,-0.008,-0.551,0.543,-2.884,-2.624,-0.26
2026-09-10,OIL,4,0.95,1.727,3.248,1.164,0.611,-0.72,,,LONG BUILD,SHORT BUILD,502.0,-2.099,-0.551,-1.548,-2.938,-2.624,-0.315
2026-09-10,CHOLAFIN,5,0.93,2.528,3.21,1.05,1.64,0.301,,,LONG BUILD,LONG BUILD,1859.0,-0.705,-0.551,-0.154,-3.626,-2.624,-1.002
2026-09-10,HYUNDAI,6,0.895,1.692,2.678,1.053,1.356,0.153,,,LONG BUILD,LONG BUILD,2212.0,-1.406,-0.551,-0.855,-2.948,-2.624,-0.324
2026-09-10,LODHA,7,0.893,1.449,1.929,1.147,-0.772,-0.109,,,SHORT BUILD,SHORT BUILD,1157.0,-3.997,-0.551,-3.446,-8.475,-2.624,-5.851
2026-09-10,IDEA,8,0.884,1.983,1.63,1.076,-9.794,-7.407,,,SHORT BUILD,SHORT BUILD,14.0,0.47,-0.551,1.021,-3.02,-2.624,-0.396
2026-09-10,DRREDDY,9,0.878,3.02,1.709,1.049,-0.349,0.054,,,SHORT BUILD,LONG BUILD,1141.0,1.969,-0.551,2.52,0.175,-2.624,2.799
2026-09-11,PIIND,1,0.996,5.979,37.112,1.301,-4.482,0.169,,,SHORT BUILD,SHORT BUILD,2259.0,0.0,0.0,0.0,-0.133,-1.947,1.814
2026-09-11,MANKIND,10,0.908,2.376,2.881,1.064,1.858,1.061,,,LONG BUILD,LONG BUILD,2280.0,0.0,0.0,0.0,-1.491,-1.947,0.455
2026-09-11,PAYTM,11,0.902,1.906,2.683,1.128,3.91,0.638,,,LONG BUILD,LONG BUILD,1807.0,0.0,0.0,0.0,-0.968,-1.947,0.978
2026-09-11,INDUSINDBK,12,0.901,2.544,2.37,1.069,-1.54,0.075,,,SHORT BUILD,SHORT BUILD,978.0,0.0,0.0,0.0,-3.241,-1.947,-1.294
2026-09-11,ONGC,13,0.901,2.123,2.369,1.123,-2.221,-2.382,,,SHORT BUILD,SHORT BUILD,232.0,0.0,0.0,0.0,1.849,-1.947,3.796
2026-09-11,PRESTIGE,14,0.887,1.876,3.882,1.063,-2.954,0.882,,,SHORT BUILD,SHORT BUILD,1498.0,0.0,0.0,0.0,-4.94,-1.947,-2.993
2026-09-11,VEDL,15,0.87,1.757,5.04,1.051,-2.249,0.137,,,SHORT BUILD,SHORT BUILD,263.0,0.0,0.0,0.0,-2.92,-1.947,-0.973
2026-09-11,COCHINSHIP,2,0.992,5.537,12.024,1.614,-9.169,-1.567,,,SHORT BUILD,SHORT BUILD,1381.0,0.0,0.0,0.0,-4.49,-1.947,-2.543
2026-09-11,LICHSGFIN,3,0.989,4.233,1016.525,1.306,1.756,-0.179,,,LONG BUILD,LONG BUILD,562.0,0.0,0.0,0.0,-3.535,-1.947,-1.589
2026-09-11,GODREJPROP,4,0.979,4.382,9.768,1.216,-6.624,0.069,,,SHORT BUILD,SHORT BUILD,1748.0,0.0,0.0,0.0,-4.731,-1.947,-2.784
2026-09-11,YESBANK,5,0.979,5.419,12.259,1.128,3.139,-1.33,,,LONG BUILD,LONG BUILD,23.0,0.0,0.0,0.0,-0.341,-1.947,1.606
2026-09-11,LODHA,6,0.954,2.304,5.837,1.212,-4.074,1.772,,,SHORT BUILD,SHORT BUILD,1116.0,0.0,0.0,0.0,-2.641,-1.947,-0.695
2026-09-11,IEX,7,0.924,2.308,3.717,1.074,-3.112,-0.589,,,SHORT BUILD,SHORT BUILD,113.0,0.0,0.0,0.0,-1.651,-1.947,0.296
2026-09-11,DRREDDY,8,0.917,2.172,7.733,1.067,1.925,-0.233,,,LONG BUILD,LONG BUILD,1165.0,0.0,0.0,0.0,-2.188,-1.947,-0.241
2026-09-11,BAJAJHLDNG,9,0.911,2.732,11.351,1.047,1.292,0.654,,,LONG BUILD,LONG BUILD,11134.0,0.0,0.0,0.0,-1.832,-1.947,0.114
2026-09-15,SOLARINDS,1,0.997,8.714,15.72,1.891,-13.638,-4.337,,,SHORT BUILD,SHORT BUILD,19250.0,-1.818,0.147,-1.965,-3.61,2.203,-5.813
2026-09-15,NAUKRI,10,0.86,3.173,3.196,1.044,0.815,-1.739,,,LONG BUILD,SHORT BUILD,1261.0,-0.436,0.147,-0.583,-0.816,2.203,-3.02
2026-09-15,INDHOTEL,11,0.857,2.284,2.04,1.062,-0.487,-1.442,,,SHORT BUILD,SHORT BUILD,715.0,-0.224,0.147,-0.37,2.483,2.203,0.279
2026-09-15,ABCAPITAL,12,0.851,1.518,2.162,1.088,-4.304,-2.08,,,SHORT BUILD,SHORT BUILD,378.0,0.66,0.147,0.513,8.25,2.203,6.047
2026-09-15,SIEMENS,13,0.84,1.991,2.7,1.046,-4.726,-1.873,,,SHORT BUILD,SHORT BUILD,3770.0,-0.743,0.147,-0.889,3.817,2.203,1.614
2026-09-15,SHRIRAMFIN,14,0.819,1.784,2.255,1.047,-4.822,-1.718,,,SHORT BUILD,SHORT BUILD,979.0,-0.082,0.147,-0.228,3.082,2.203,0.879
2026-09-15,ICICIGI,15,0.817,1.421,2.272,1.073,-2.247,-0.664,,,SHORT BUILD,SHORT BUILD,1427.0,0.862,0.147,0.715,2.129,2.203,-0.074
2026-09-15,MPHASIS,2,0.971,6.089,18.351,1.082,3.617,-1.101,,,LONG BUILD,LONG BUILD,2378.0,-2.578,0.147,-2.724,-3.263,2.203,-5.466
2026-09-15,BEL,3,0.953,2.069,5.014,1.149,-5.527,-2.142,,,SHORT BUILD,SHORT BUILD,382.0,0.744,0.147,0.598,2.716,2.203,0.513
2026-09-15,DELHIVERY,4,0.92,4.432,3.639,1.061,-4.328,-0.73,,,SHORT BUILD,SHORT BUILD,420.0,0.309,0.147,0.163,1.784,2.203,-0.419
2026-09-15,CGPOWER,5,0.907,1.586,3.607,1.092,-5.611,-1.745,,,SHORT BUILD,SHORT BUILD,858.0,-0.752,0.147,-0.898,3.963,2.203,1.76
2026-09-15,GVT&D,6,0.904,1.854,2.394,1.122,-6.642,-1.279,,,SHORT BUILD,SHORT BUILD,4246.0,0.473,0.147,0.327,3.252,2.203,1.049
2026-09-15,POWERINDIA,7,0.903,1.776,3.295,1.081,-2.052,1.224,,,SHORT BUILD,SHORT BUILD,30790.0,-1.916,0.147,-2.063,6.203,2.203,4.0
2026-09-15,TATACONSUM,8,0.9,1.659,3.087,1.089,-0.505,-1.201,,,SHORT BUILD,SHORT BUILD,986.0,1.42,0.147,1.273,1.004,2.203,-1.199
2026-09-15,COFORGE,9,0.882,1.696,2.279,1.091,-3.872,-1.866,,,SHORT BUILD,SHORT BUILD,1775.0,-0.496,0.147,-0.642,3.689,2.203,1.486
2026-09-16,PATANJALI,1,0.999,12.235,36.386,1.227,7.222,2.15,,,LONG BUILD,LONG BUILD,363.0,-2.89,0.888,-3.778,8.548,1.957,6.591
2026-09-16,LAURUSLABS,10,0.883,1.505,1.772,1.072,-1.344,1.113,,,SHORT BUILD,SHORT BUILD,1901.0,2.236,0.888,1.348,5.878,1.957,3.921
2026-09-16,APLAPOLLO,11,0.879,1.805,2.16,1.044,0.269,1.792,,,LONG BUILD,LONG BUILD,2125.0,1.344,0.888,0.457,2.882,1.957,0.925
2026-09-16,SHREECEM,12,0.879,1.498,2.519,1.05,-0.936,-0.685,,,SHORT BUILD,SHORT BUILD,21700.0,0.757,0.888,-0.131,3.464,1.957,1.507
2026-09-16,OBEROIRLTY,13,0.874,1.324,2.642,1.056,2.248,0.22,,,LONG BUILD,LONG BUILD,1706.0,1.98,0.888,1.092,6.685,1.957,4.728
2026-09-16,BDL,14,0.866,1.506,1.965,1.046,-0.176,1.232,,,SHORT BUILD,SHORT COVER,1133.0,1.4,0.888,0.512,3.433,1.957,1.476
2026-09-16,SONACOMS,15,0.864,2.099,2.808,1.031,-2.658,-0.655,,,SHORT BUILD,SHORT BUILD,769.0,1.289,0.888,0.401,3.548,1.957,1.591
2026-09-16,PREMIERENE,2,0.991,3.618,14.402,1.164,-4.974,-0.36,,,SHORT BUILD,SHORT BUILD,898.0,-2.113,0.888,-3.001,2.325,1.957,0.368
2026-09-16,POLICYBZR,3,0.99,3.117,12.83,1.186,5.472,2.007,,,LONG BUILD,LONG BUILD,1831.0,-3.399,0.888,-4.287,-1.866,1.957,-3.823
2026-09-16,PAYTM,4,0.947,2.466,2.108,1.144,3.642,1.51,,,LONG BUILD,SHORT BUILD,1793.0,-1.508,0.888,-2.396,1.117,1.957,-0.84
2026-09-16,MARICO,5,0.94,2.111,6.004,1.056,2.622,-0.246,,,LONG BUILD,LONG BUILD,812.0,0.846,0.888,-0.042,1.759,1.957,-0.198
2026-09-16,MFSL,6,0.936,2.049,3.869,1.059,3.794,1.103,,,LONG BUILD,LONG BUILD,1480.0,4.464,0.888,3.576,5.472,1.957,3.515
2026-09-16,NYKAA,7,0.907,1.571,3.615,1.053,-2.142,0.621,,,SHORT BUILD,SHORT BUILD,329.0,-0.568,0.888,-1.456,3.194,1.957,1.237
2026-09-16,UPL,8,0.904,2.004,2.369,1.052,-1.748,-0.603,,,SHORT BUILD,SHORT BUILD,551.0,0.754,0.888,-0.134,1.689,1.957,-0.268
2026-09-16,BOSCHLTD,9,0.9,1.388,2.852,1.061,1.253,-0.06,,,LONG BUILD,LONG BUILD,47660.0,0.379,0.888,-0.509,0.021,1.957,-1.936
2026-09-17,POLICYBZR,1,0.99,4.734,6.633,1.508,-3.399,0.382,,,SHORT BUILD,SHORT BUILD,1765.0,-1.246,1.158,-2.404,2.266,0.814,1.452
2026-09-17,UNOMINDA,10,0.879,1.352,1.684,1.087,1.602,0.129,,,LONG BUILD,LONG BUILD,1205.0,6.556,1.158,5.398,1.743,0.814,0.928
2026-09-17,ABB,11,0.875,1.333,1.621,1.114,2.149,0.533,,,LONG BUILD,LONG BUILD,7130.0,1.963,1.158,0.806,-0.14,0.814,-0.955
2026-09-17,LTF,12,0.87,1.237,1.964,1.074,2.2,0.406,,,LONG BUILD,LONG BUILD,302.0,3.473,1.158,2.315,0.86,0.814,0.046
2026-09-17,BANKINDIA,13,0.87,2.097,1.86,1.036,0.138,-0.876,,,LONG BUILD,LONG BUILD,138.0,1.324,1.158,0.167,-0.84,0.814,-1.654
2026-09-17,CHOLAFIN,14,0.864,1.193,1.922,1.084,-0.091,0.127,,,SHORT BUILD,SHORT BUILD,1764.0,2.012,1.158,0.854,-0.306,0.814,-1.12
2026-09-17,PRESTIGE,15,0.857,1.317,1.637,1.068,1.124,0.263,,,LONG BUILD,LONG BUILD,1440.0,-0.347,1.158,-1.505,2.743,0.814,1.929
2026-09-17,PNBHOUSING,2,0.99,6.084,6.115,1.161,-2.734,-1.84,,,SHORT BUILD,SHORT BUILD,1103.0,2.682,1.158,1.524,2.003,0.814,1.188
2026-09-17,SRF,3,0.988,5.144,7.733,1.118,2.254,-0.124,,,LONG BUILD,LONG BUILD,2536.0,-0.946,1.158,-2.104,0.091,0.814,-0.724
2026-09-17,MAZDOCK,4,0.971,2.385,2.986,1.2,-0.981,0.206,,,SHORT BUILD,SHORT BUILD,2210.0,3.167,1.158,2.01,-0.271,0.814,-1.086
2026-09-17,FEDERALBNK,5,0.952,1.789,3.335,1.097,-2.867,-1.355,,,SHORT BUILD,SHORT BUILD,332.0,0.0,1.158,-1.158,-1.728,0.814,-2.542
2026-09-17,SBILIFE,6,0.942,1.783,5.187,1.07,4.011,0.886,,,LONG BUILD,LONG BUILD,1766.0,-2.032,1.158,-3.19,-0.6,0.814,-1.414
2026-09-17,MFSL,7,0.928,1.289,7.258,1.124,4.464,0.859,,,LONG BUILD,LONG BUILD,1554.0,0.322,1.158,-0.836,0.013,0.814,-0.801
2026-09-17,INDUSINDBK,8,0.92,2.454,2.721,1.045,1.215,-0.392,,,LONG BUILD,LONG BUILD,958.0,0.845,1.158,-0.313,-0.334,0.814,-1.148
2026-09-17,DRREDDY,9,0.909,1.577,2.403,1.061,3.07,0.38,,,LONG BUILD,LONG BUILD,1175.0,0.851,1.158,-0.307,3.064,0.814,2.25
2026-09-18,SUPREMEIND,1,0.991,5.543,30.012,1.126,3.965,0.796,,,LONG BUILD,LONG BUILD,3477.0,-2.243,-0.074,-2.169,-2.324,0.422,-2.746
2026-09-18,ADANIPORTS,10,0.914,4.478,4.555,1.043,1.709,-0.019,,,LONG BUILD,LONG BUILD,1768.0,-2.023,-0.074,-1.949,-0.916,0.422,-1.338
2026-09-18,JUBLFOOD,11,0.908,4.664,3.743,1.042,3.915,0.922,,,LONG BUILD,LONG BUILD,499.0,-2.59,-0.074,-2.516,-3.34,0.422,-3.762
2026-09-18,TCS,12,0.895,2.268,4.519,1.303,-3.927,-0.78,,,SHORT BUILD,SHORT BUILD,2104.0,1.126,-0.074,1.2,-0.732,0.422,-1.154
2026-09-18,BHARTIARTL,13,0.882,3.885,2.081,1.044,-0.054,-0.356,,,SHORT BUILD,SHORT BUILD,1835.0,-3.333,-0.074,-3.259,-3.174,0.422,-3.596
2026-09-18,TITAN,14,0.88,2.463,2.574,1.082,-0.331,0.261,,,SHORT BUILD,SHORT BUILD,4825.0,1.594,-0.074,1.668,1.698,0.422,1.276
2026-09-18,HINDZINC,15,0.868,2.43,3.678,1.048,2.394,-0.109,,,LONG BUILD,LONG BUILD,586.0,-0.705,-0.074,-0.631,-0.092,0.422,-0.514
2026-09-18,KPITTECH,2,0.982,5.507,6.2,1.187,-3.093,-0.622,,,SHORT BUILD,SHORT BUILD,542.0,0.902,-0.074,0.976,-0.94,0.422,-1.362
2026-09-18,SHREECEM,3,0.973,3.418,23.952,1.206,1.776,-1.047,,,LONG BUILD,LONG BUILD,22350.0,-0.221,-0.074,-0.147,-0.442,0.422,-0.864
2026-09-18,UNOMINDA,4,0.949,2.844,7.084,1.12,3.734,0.681,,,LONG BUILD,LONG BUILD,1250.0,-4.4,-0.074,-4.326,-4.743,0.422,-5.165
2026-09-18,ZYDUSLIFE,5,0.929,3.142,8.646,1.056,1.929,-0.048,,,LONG BUILD,LONG BUILD,1157.0,0.086,-0.074,0.16,0.871,0.422,0.449
2026-09-18,NESTLEIND,6,0.929,2.405,7.776,1.344,-0.482,0.274,,,SHORT BUILD,SHORT BUILD,1364.0,0.918,-0.074,0.992,1.078,0.422,0.656
2026-09-18,BHARATFORG,7,0.92,2.761,6.111,1.07,3.091,-0.147,,,LONG BUILD,LONG BUILD,1978.0,0.347,-0.074,0.421,2.135,0.422,1.713
2026-09-18,FEDERALBNK,8,0.917,3.562,2.232,1.09,0.376,1.151,,,LONG BUILD,LONG BUILD,334.0,-0.225,-0.074,-0.151,-0.436,0.422,-0.858
2026-09-18,PIDILITIND,9,0.915,2.463,6.512,1.088,2.417,-0.11,,,LONG BUILD,LONG BUILD,1589.0,0.07,-0.074,0.144,1.018,0.422,0.596
2026-09-21,PATANJALI,1,0.997,8.639,12.613,1.574,7.902,1.305,,,LONG BUILD,LONG BUILD,396.0,1.969,-0.245,2.214,2.183,-1.224,3.407
2026-09-21,INDHOTEL,10,0.915,1.193,2.665,1.084,1.672,-0.39,,,LONG BUILD,SHORT BUILD,745.0,-1.174,-0.245,-0.93,-2.174,-1.224,-0.951
2026-09-21,VOLTAS,11,0.894,1.773,5.149,1.034,2.8,-0.451,,,LONG BUILD,LONG BUILD,1142.0,-3.616,-0.245,-3.371,-2.513,-1.224,-1.289
2026-09-21,NAUKRI,12,0.894,1.362,3.486,1.055,3.581,0.705,,,LONG BUILD,LONG BUILD,1296.0,0.586,-0.245,0.831,-5.585,-1.224,-4.361
2026-09-21,TATAELXSI,13,0.864,1.594,1.365,1.061,0.621,0.044,,,LONG BUILD,SHORT BUILD,3287.0,-2.038,-0.245,-1.793,-3.14,-1.224,-1.916
2026-09-21,DELHIVERY,14,0.854,1.472,1.468,1.052,1.636,0.757,,,LONG BUILD,LONG BUILD,435.0,-0.977,-0.245,-0.732,-2.0,-1.224,-0.776
2026-09-21,KPITTECH,15,0.853,0.975,1.82,1.198,0.752,0.612,,,LONG BUILD,SHORT BUILD,536.0,-1.444,-0.245,-1.199,-3.716,-1.224,-2.493
2026-09-21,OFSS,2,0.995,3.798,18.444,1.426,-8.28,-2.023,,,SHORT BUILD,SHORT BUILD,10911.0,0.715,-0.245,0.96,0.128,-1.224,1.352
2026-09-21,MANKIND,3,0.991,2.748,31.84,1.309,5.924,0.643,,,LONG BUILD,LONG BUILD,2437.0,1.731,-0.245,1.976,2.551,-1.224,3.775
2026-09-21,BSE,4,0.982,2.773,4.463,1.229,-3.227,0.14,,,SHORT BUILD,SHORT BUILD,3161.0,2.341,-0.245,2.586,0.721,-1.224,1.945
2026-09-21,GMRAIRPORT,5,0.965,1.625,4.128,1.163,-1.309,-1.08,,,SHORT BUILD,SHORT BUILD,98.0,-0.355,-0.245,-0.11,-1.368,-1.224,-0.144
2026-09-21,ICICIGI,6,0.948,1.697,3.835,1.079,3.491,0.316,,,LONG BUILD,LONG BUILD,1509.0,-1.928,-0.245,-1.683,4.499,-1.224,5.723
2026-09-21,RADICO,7,0.947,1.589,4.27,1.079,-1.222,0.302,,,SHORT BUILD,LONG BUILD,4480.0,-0.696,-0.245,-0.452,0.029,-1.224,1.253
2026-09-21,LICHSGFIN,8,0.936,1.331,3.917,1.127,3.621,0.586,,,LONG BUILD,LONG BUILD,568.0,-0.528,-0.245,-0.283,-0.66,-1.224,0.563
2026-09-21,UNITDSPR,9,0.919,1.381,2.015,1.082,1.896,-0.305,,,LONG BUILD,LONG BUILD,1397.0,0.072,-0.245,0.316,1.883,-1.224,3.106
2026-09-22,RBLBANK,1,0.986,2.453,9.437,1.207,5.119,2.139,,,LONG BUILD,LONG BUILD,423.0,1.134,0.744,0.39,-1.926,-0.733,-1.193
2026-09-22,BPCL,10,0.928,1.74,3.402,1.086,0.08,0.086,,,LONG BUILD,SHORT BUILD,313.0,0.686,0.744,-0.058,-1.626,-0.733,-0.893
2026-09-22,VOLTAS,11,0.905,1.47,2.05,1.154,-3.686,-1.313,,,SHORT BUILD,SHORT BUILD,1100.0,2.653,0.744,1.909,1.581,-0.733,2.314
2026-09-22,OIL,12,0.891,1.168,3.689,1.106,-2.373,-0.239,,,SHORT BUILD,SHORT BUILD,467.0,0.642,0.744,-0.102,1.745,-0.733,2.478
2026-09-22,SWIGGY,13,0.891,1.609,2.715,1.057,4.144,1.429,,,LONG BUILD,LONG BUILD,284.0,-1.954,0.744,-2.698,-6.759,-0.733,-6.026
2026-09-22,INDUSTOWER,14,0.881,1.107,2.489,1.128,1.152,1.045,,,LONG BUILD,LONG BUILD,382.0,0.707,0.744,-0.037,-1.95,-0.733,-1.217
2026-09-22,PATANJALI,15,0.881,1.182,1.874,1.369,1.969,-0.387,,,LONG BUILD,LONG BUILD,404.0,1.349,0.744,0.605,-0.012,-0.733,0.721
2026-09-22,KAYNES,2,0.986,2.52,4.424,1.437,-5.342,-1.401,,,SHORT BUILD,SHORT BUILD,3455.0,0.087,0.744,-0.657,5.644,-0.733,6.377
2026-09-22,PIIND,3,0.981,2.669,17.831,1.122,3.799,0.42,,,LONG BUILD,LONG BUILD,2410.0,-0.996,0.744,-1.74,-0.415,-0.733,0.318
2026-09-22,LTM,4,0.976,2.579,6.495,1.123,-2.85,0.528,,,SHORT BUILD,SHORT BUILD,4158.0,-1.763,0.744,-2.507,-1.811,-0.733,-1.078
2026-09-22,CONCOR,5,0.976,1.807,5.863,1.229,-4.117,-1.391,,,SHORT BUILD,SHORT BUILD,467.0,-0.503,0.744,-1.247,-1.178,-0.733,-0.445
2026-09-22,PAGEIND,6,0.958,1.607,7.517,1.129,3.338,0.266,,,LONG BUILD,LONG BUILD,37150.0,0.511,0.744,-0.233,1.467,-0.733,2.2
2026-09-22,TATAELXSI,7,0.953,1.649,3.57,1.18,-2.038,0.017,,,SHORT BUILD,SHORT BUILD,3220.0,-0.248,0.744,-0.992,-1.028,-0.733,-0.295
2026-09-22,VMM,8,0.935,1.478,4.326,1.12,2.312,1.246,,,LONG BUILD,LONG BUILD,104.0,1.894,0.744,1.15,-0.509,-0.733,0.224
2026-09-22,COALINDIA,9,0.933,2.992,3.816,1.065,3.207,0.439,,,LONG BUILD,LONG BUILD,428.0,-0.806,0.744,-1.55,-0.444,-0.733,0.289
2026-09-23,360ONE,1,0.994,7.944,19.85,1.363,3.027,-0.655,,,LONG BUILD,LONG BUILD,1106.0,-2.455,-1.7,-0.755,-5.686,-3.186,-2.5
2026-09-23,INDUSINDBK,10,0.899,3.322,2.052,1.07,0.524,-0.251,,,LONG BUILD,LONG BUILD,960.0,-4.149,-1.7,-2.449,-5.17,-3.186,-1.984
2026-09-23,APOLLOHOSP,11,0.876,1.439,2.703,1.112,2.496,0.844,,,LONG BUILD,LONG BUILD,9056.0,-1.99,-1.7,-0.291,-2.305,-3.186,0.881
2026-09-23,BAJFINANCE,12,0.873,1.913,4.261,1.058,2.895,0.412,,,LONG BUILD,LONG BUILD,1038.0,-5.867,-1.7,-4.167,-5.579,-3.186,-2.393
2026-09-23,DIVISLAB,13,0.858,1.411,3.26,1.107,2.342,0.689,,,LONG BUILD,LONG BUILD,9571.0,-0.229,-1.7,1.471,-0.769,-3.186,2.417
2026-09-23,PHOENIXLTD,14,0.848,1.629,3.935,1.057,1.771,-0.306,,,LONG BUILD,LONG BUILD,1988.0,-1.917,-1.7,-0.217,-2.057,-3.186,1.129
2026-09-23,JSWSTEEL,15,0.847,1.418,3.625,1.068,2.368,0.404,,,LONG BUILD,LONG BUILD,1297.0,-1.896,-1.7,-0.196,-2.597,-3.186,0.589
2026-09-23,MOTILALOFS,2,0.981,3.838,9.948,1.228,3.376,-0.508,,,LONG BUILD,LONG BUILD,1041.0,-1.966,-1.7,-0.267,-2.964,-3.186,0.222
2026-09-23,POLICYBZR,3,0.977,3.044,7.4,1.299,4.875,1.17,,,LONG BUILD,LONG BUILD,1893.0,-36.002,-1.7,-34.302,-38.965,-3.186,-35.779
2026-09-23,BANDHANBNK,4,0.973,2.224,59.698,1.428,2.87,-0.221,,,LONG BUILD,LONG BUILD,190.0,-4.431,-1.7,-2.731,-5.424,-3.186,-2.238
2026-09-23,IDFCFIRSTB,5,0.953,4.659,6.732,1.092,1.909,-1.45,,,LONG BUILD,LONG BUILD,87.0,-4.71,-1.7,-3.01,-8.362,-3.186,-5.176
2026-09-23,RADICO,6,0.944,1.786,8.444,1.365,3.444,0.263,,,LONG BUILD,LONG BUILD,4602.0,-2.621,-1.7,-0.921,-2.686,-3.186,0.5
2026-09-23,TATASTEEL,7,0.943,2.868,3.332,1.135,2.719,0.227,,,LONG BUILD,LONG BUILD,190.0,-1.467,-1.7,0.232,-2.369,-3.186,0.817
2026-09-23,INOXWIND,8,0.933,1.599,34.086,1.284,-3.723,-1.458,,,SHORT BUILD,SHORT BUILD,75.0,-2.573,-1.7,-0.873,-4.026,-3.186,-0.84
2026-09-23,SUZLON,9,0.921,2.902,2.527,1.107,-2.326,-0.356,,,SHORT BUILD,SHORT BUILD,42.0,-3.892,-1.7,-2.193,-6.44,-3.186,-3.254
2026-09-24,MFSL,1,0.999,37.82,35.095,1.786,-9.719,1.184,,,SHORT BUILD,LONG BUILD,1411.0,3.404,0.245,3.16,-1.248,-2.601,1.352
2026-09-24,PIDILITIND,10,0.942,2.472,5.461,1.354,-3.973,-0.647,,,SHORT BUILD,SHORT BUILD,1525.0,-0.315,0.245,-0.56,-4.008,-2.601,-1.407
2026-09-24,NAUKRI,11,0.932,2.195,4.519,1.467,-6.322,-1.085,,,SHORT BUILD,SHORT BUILD,1215.0,2.516,0.245,2.272,1.716,-2.601,4.316
2026-09-24,HDFCLIFE,12,0.93,9.406,8.234,1.16,-5.788,0.351,,,SHORT BUILD,SHORT BUILD,529.0,0.778,0.245,0.534,-0.636,-2.601,1.965
2026-09-24,CIPLA,13,0.924,2.228,5.351,1.26,1.157,0.017,,,LONG BUILD,LONG BUILD,1399.0,0.05,0.245,-0.195,-1.408,-2.601,1.192
2026-09-24,AUBANK,14,0.916,3.329,3.308,1.224,-5.033,-0.709,,,SHORT BUILD,SHORT BUILD,1000.0,1.79,0.245,1.545,0.51,-2.601,3.111
2026-09-24,BAJFINANCE,15,0.915,2.028,3.536,1.374,-5.867,-0.721,,,SHORT BUILD,SHORT BUILD,982.0,1.517,0.245,1.273,-0.835,-2.601,1.766
2026-09-24,POLICYBZR,2,0.991,16.638,7.458,3.223,-34.051,-3.781,,,SHORT BUILD,SHORT BUILD,1244.0,-3.413,0.245,-3.657,-10.454,-2.601,-7.853
2026-09-24,ICICIPRULI,3,0.976,12.242,6.98,1.328,-4.231,0.396,,,SHORT BUILD,LONG BUILD,464.0,-0.323,0.245,-0.567,-4.295,-2.601,-1.694
2026-09-24,CHOLAFIN,4,0.972,3.892,10.185,1.409,-5.75,-0.586,,,SHORT BUILD,LONG BUILD,1672.0,-1.13,0.245,-1.374,-3.235,-2.601,-0.634
2026-09-24,LTF,5,0.971,8.483,5.336,1.441,-9.032,-1.174,,,SHORT BUILD,LONG BUILD,282.0,0.709,0.245,0.465,-3.883,-2.601,-1.282
2026-09-24,ICICIGI,6,0.966,3.921,21.085,1.279,5.158,1.075,,,LONG BUILD,LONG BUILD,1578.0,-1.477,0.245,-1.722,-3.932,-2.601,-1.331
2026-09-24,AXISBANK,7,0.956,4.367,3.82,1.378,-4.118,0.067,,,SHORT BUILD,SHORT BUILD,1192.0,3.026,0.245,2.781,2.158,-2.601,4.758
2026-09-24,SBILIFE,8,0.954,8.184,11.355,1.223,-0.284,-0.556,,,SHORT BUILD,LONG BUILD,1755.0,-0.741,0.245,-0.985,-1.14,-2.601,1.461
2026-09-24,INDUSINDBK,9,0.945,3.258,5.129,1.293,-4.201,-0.071,,,SHORT BUILD,LONG BUILD,919.0,-0.794,0.245,-1.038,-4.513,-2.601,-1.913
2026-09-25,POLICYBZR,1,0.986,2.788,15.504,2.285,-3.413,-0.584,,,SHORT BUILD,LONG BUILD,1166.0,-1.261,-1.756,0.496,,,
2026-09-25,ICICIBANK,10,0.834,1.617,1.156,1.247,-0.637,-0.047,,,SHORT BUILD,SHORT BUILD,1326.0,-1.869,-1.756,-0.113,,,
2026-09-25,ZYDUSLIFE,11,0.827,1.304,3.454,1.155,1.923,0.469,,,LONG BUILD,LONG BUILD,1203.0,0.922,-1.756,2.678,,,
2026-09-25,AXISBANK,12,0.825,1.051,1.654,1.436,2.992,0.771,,,LONG BUILD,LONG BUILD,1222.0,-1.023,-1.756,0.734,,,
2026-09-25,INFY,13,0.82,1.706,2.164,1.124,-1.429,0.172,,,SHORT BUILD,LONG BUILD,1000.0,0.3,-1.756,2.056,,,
2026-09-25,FEDERALBNK,14,0.817,1.097,3.981,1.184,-2.276,-1.487,,,SHORT BUILD,SHORT BUILD,322.0,0.932,-1.756,2.688,,,
2026-09-25,MAXHEALTH,15,0.807,1.048,4.452,1.187,-3.059,-0.682,,,SHORT BUILD,SHORT BUILD,1014.0,-1.371,-1.756,0.386,,,
2026-09-25,FORTIS,2,0.985,2.566,24.804,1.483,-4.599,-1.123,,,SHORT BUILD,SHORT BUILD,837.0,-0.847,-1.756,0.909,,,
2026-09-25,GLENMARK,3,0.917,1.495,3.813,1.265,-2.074,-0.361,,,SHORT BUILD,SHORT BUILD,2380.0,-2.282,-1.756,-0.525,,,
2026-09-25,JUBLFOOD,4,0.87,1.959,1.769,1.174,1.065,-0.243,,,LONG BUILD,LONG BUILD,484.0,-1.207,-1.756,0.549,,,
2026-09-25,TMPV,5,0.866,3.277,1.828,1.152,-1.695,-0.688,,,SHORT BUILD,SHORT BUILD,290.0,-2.995,-1.756,-1.239,,,
2026-09-25,HYUNDAI,6,0.86,4.138,11.785,1.123,2.64,0.063,,,LONG BUILD,LONG BUILD,2115.0,-3.04,-1.756,-1.284,,,
2026-09-25,TRENT,7,0.86,1.511,2.106,1.179,-1.148,-0.139,,,SHORT BUILD,SHORT BUILD,2669.0,-1.622,-1.756,0.134,,,
2026-09-25,AMBUJACEM,8,0.851,1.466,1.27,1.258,-0.286,-0.411,,,SHORT BUILD,LONG BUILD,383.0,-2.462,-1.756,-0.706,,,
2026-09-25,PAYTM,9,0.839,1.739,3.422,1.132,-3.544,-0.149,,,SHORT BUILD,SHORT BUILD,1674.0,-2.282,-1.756,-0.525,,,
2026-09-28,BANKINDIA,1,0.977,3.947,18.026,1.212,-6.481,-2.302,,,SHORT BUILD,SHORT BUILD,129.0,0.092,-1.091,1.183,,,
2026-09-28,BLUESTARCO,10,0.881,3.806,3.643,1.109,1.022,0.438,,,LONG BUILD,SHORT BUILD,1581.0,-2.914,-1.091,-1.823,,,
2026-09-28,BANKBARODA,11,0.852,2.228,1.561,1.145,-3.511,-1.218,,,SHORT BUILD,SHORT BUILD,227.0,0.079,-1.091,1.17,,,
2026-09-28,PRESTIGE,12,0.844,1.912,3.143,1.128,-1.272,0.114,,,SHORT BUILD,SHORT BUILD,1459.0,-3.624,-1.091,-2.533,,,
2026-09-28,PNB,13,0.829,1.501,1.722,1.213,-3.945,-1.391,,,SHORT BUILD,SHORT BUILD,112.0,-0.755,-1.091,0.336,,,
2026-09-28,IDEA,14,0.829,1.474,1.961,1.206,-8.836,-5.04,,,SHORT BUILD,SHORT BUILD,13.0,0.668,-1.091,1.759,,,
2026-09-28,CANBK,15,0.828,1.839,1.402,1.178,-3.992,-1.389,,,SHORT BUILD,SHORT BUILD,120.0,-0.945,-1.091,0.146,,,
2026-09-28,GODFRYPHLP,2,0.941,3.223,13.055,1.153,-2.507,-1.635,,,SHORT BUILD,SHORT BUILD,1921.0,-3.598,-1.091,-2.508,,,
2026-09-28,INDUSTOWER,3,0.935,2.031,5.236,1.217,-4.177,-1.281,,,SHORT BUILD,SHORT BUILD,359.0,2.097,-1.091,3.188,,,
2026-09-28,PETRONET,4,0.93,3.017,7.762,1.148,0.175,-0.874,,,LONG BUILD,LONG BUILD,287.0,-2.381,-1.091,-1.29,,,
2026-09-28,NMDC,5,0.919,2.852,1.538,1.235,-3.63,-2.16,,,SHORT BUILD,SHORT BUILD,77.0,-0.555,-1.091,0.535,,,
2026-09-28,ZYDUSLIFE,6,0.9,2.011,2.125,1.223,0.59,-0.554,,,LONG BUILD,LONG BUILD,1211.0,-1.193,-1.091,-0.103,,,
2026-09-28,CUMMINSIND,7,0.897,1.857,1.825,1.27,-2.427,-0.584,,,SHORT BUILD,SHORT BUILD,4825.0,-1.133,-1.091,-0.042,,,
2026-09-28,TIINDIA,8,0.893,2.863,3.072,1.13,-2.035,-0.272,,,SHORT BUILD,SHORT BUILD,2460.0,-1.871,-1.091,-0.78,,,
2026-09-28,YESBANK,9,0.882,1.826,2.869,1.192,-6.667,-2.416,,,SHORT BUILD,SHORT BUILD,21.0,-2.219,-1.091,-1.128,,,
2026-09-29,UNITDSPR,1,0.988,24.909,9.285,1.116,-2.501,0.563,,,SHORT BUILD,SHORT BUILD,1380.0,,,,,,
2026-09-29,SUNPHARMA,10,0.823,3.778,0.97,1.03,0.653,0.192,,,LONG BUILD,SHORT BUILD,1850.0,,,,,,
2026-09-29,HDFCAMC,11,0.812,2.108,0.941,1.11,-2.054,-0.816,,,SHORT BUILD,SHORT BUILD,2255.0,,,,,,
2026-09-29,IDEA,12,0.803,2.838,0.837,1.066,-3.489,-3.274,,,SHORT BUILD,SHORT BUILD,13.0,,,,,,
2026-09-29,TATAPOWER,13,0.801,4.509,1.28,1.006,-1.354,-0.374,,,SHORT BUILD,SHORT BUILD,357.0,,,,,,
2026-09-29,LUPIN,14,0.783,1.958,1.376,1.054,0.097,-0.526,,,LONG BUILD,SHORT BUILD,2064.0,,,,,,
2026-09-29,WIPRO,15,0.777,16.225,0.801,1.021,-2.822,-0.727,,,SHORT BUILD,SHORT BUILD,157.0,,,,,,
2026-09-29,PREMIERENE,2,0.971,4.077,2.782,1.186,-4.967,-1.306,,,SHORT BUILD,SHORT BUILD,861.0,,,,,,
2026-09-29,CAMS,3,0.9,2.675,3.469,1.073,-2.682,0.123,,,SHORT BUILD,SHORT BUILD,673.0,,,,,,
2026-09-29,INDHOTEL,4,0.867,12.188,0.778,1.106,0.563,-0.142,,,LONG BUILD,LONG BUILD,715.0,,,,,,
2026-09-29,RECLTD,5,0.861,7.816,0.805,1.07,-2.061,0.419,,,SHORT BUILD,SHORT BUILD,297.0,,,,,,
2026-09-29,MANKIND,6,0.843,5.462,4.959,1.011,4.656,1.011,,,LONG BUILD,LONG BUILD,2549.0,,,,,,
2026-09-29,IEX,7,0.838,3.563,1.599,1.022,-4.805,-2.142,,,SHORT BUILD,SHORT BUILD,106.0,,,,,,
2026-09-29,LTF,8,0.834,2.359,0.961,1.088,-3.507,-0.693,,,SHORT BUILD,SHORT BUILD,271.0,,,,,,
2026-09-29,DRREDDY,9,0.824,2.426,1.383,1.04,1.966,0.235,,,LONG BUILD,LONG BUILD,1245.0,,,,,,
2026-09-30,MAXHEALTH,1,0.998,5.197,35.383,1.627,-5.407,-0.171,,,SHORT BUILD,SHORT BUILD,929.0,,,,,,
2026-09-30,PRESTIGE,10,0.848,1.903,4.839,0.906,4.48,0.512,,,SHORT COVER,LONG BUILD,1481.0,,,,,,
2026-09-30,CHOLAFIN,11,0.841,1.311,2.947,0.943,-0.449,0.367,,,LONG UNWIND,SHORT BUILD,1620.0,,,,,,
2026-09-30,AUROPHARMA,12,0.838,1.216,3.335,0.95,-1.514,-0.285,,,LONG UNWIND,SHORT BUILD,1672.0,,,,,,
2026-09-30,APLAPOLLO,13,0.833,1.147,2.922,0.983,0.064,-0.625,,,SHORT COVER,SHORT BUILD,2190.0,,,,,,
2026-09-30,TIINDIA,14,0.829,2.2,5.373,0.883,-1.575,-0.864,,,LONG UNWIND,SHORT BUILD,2375.0,,,,,,
2026-09-30,MANKIND,15,0.82,1.1,3.21,0.979,-1.65,-0.102,,,LONG UNWIND,SHORT BUILD,2503.0,,,,,,
2026-09-30,APOLLOHOSP,2,0.994,3.961,14.06,1.628,-5.705,-0.482,,,SHORT BUILD,SHORT BUILD,8165.0,,,,,,
2026-09-30,FORTIS,3,0.979,2.173,13.772,1.241,-6.326,-0.63,,,SHORT BUILD,SHORT BUILD,770.0,,,,,,
2026-09-30,IRFC,4,0.975,3.12,5.465,0.985,-1.57,-1.668,,,LONG UNWIND,LONG BUILD,79.0,,,,,,
2026-09-30,ICICIGI,5,0.966,3.111,6.157,0.966,4.95,1.834,,,SHORT COVER,LONG BUILD,1590.0,,,,,,
2026-09-30,MPHASIS,6,0.94,1.877,5.588,0.962,-0.019,-1.823,,,LONG UNWIND,SHORT BUILD,2154.0,,,,,,
2026-09-30,PAGEIND,7,0.896,4.007,9.781,0.913,-0.533,-0.522,,,LONG UNWIND,SHORT BUILD,36385.0,,,,,,
2026-09-30,COFORGE,8,0.883,1.996,4.459,0.924,1.568,-2.182,,,SHORT COVER,SHORT BUILD,1749.0,,,,,,
2026-09-30,KOTAKBANK,9,0.882,1.291,3.969,0.976,2.709,0.535,,,SHORT COVER,LONG BUILD,417.0,,,,,,
